Parametro,Fecha,valor,Unidad
,,,
HR,2024-01-01,72,%
HR,2024-01-01,72,%
HR,2024-01-01,71,%
HR,2024-01-01,66,%
HR,2024-01-01,68,%
HR,2024-01-01,62,%
HR,2024-01-01,64,%
HR,2024-01-01,71,%
HR,2024-01-01,62,%
HR,2024-01-01,51,%
HR,2024-01-01,42,%
HR,2024-01-01,39,%
HR,2024-01-01,40,%
HR,2024-01-01,38,%
HR,2024-01-01,37,%
HR,2024-01-01,41,%
HR,2024-01-01,49,%
HR,2024-01-01,55,%
HR,2024-01-01,62,%
HR,2024-01-01,68,%
HR,2024-01-01,70,%
HR,2024-01-01,71,%
HR,2024-01-01,75,%
HR,2024-01-02,80,%
HR,2024-01-02,85,%
HR,2024-01-02,89,%
HR,2024-01-02,91,%
HR,2024-01-02,92,%
HR,2024-01-02,92,%
HR,2024-01-02,92,%
HR,2024-01-02,93,%
HR,2024-01-02,94,%
HR,2024-01-02,94,%
HR,2024-01-02,94,%
HR,2024-01-02,94,%
HR,2024-01-02,93,%
HR,2024-01-02,93,%
HR,2024-01-02,92,%
HR,2024-01-02,88,%
HR,2024-01-02,83,%
HR,2024-01-02,80,%
HR,2024-01-02,82,%
HR,2024-01-02,86,%
HR,2024-01-02,89,%
HR,2024-01-02,90,%
HR,2024-01-02,90,%
HR,2024-01-02,91,%
HR,2024-01-03,92,%
HR,2024-01-03,88,%
HR,2024-01-03,88,%
HR,2024-01-03,89,%
HR,2024-01-03,89,%
HR,2024-01-03,89,%
HR,2024-01-03,89,%
HR,2024-01-03,88,%
HR,2024-01-03,88,%
HR,2024-01-03,82,%
HR,2024-01-03,75,%
HR,2024-01-03,64,%
HR,2024-01-03,55,%
HR,2024-01-03,55,%
HR,2024-01-03,52,%
HR,2024-01-03,49,%
HR,2024-01-03,49,%
HR,2024-01-03,49,%
HR,2024-01-03,53,%
HR,2024-01-03,58,%
HR,2024-01-03,59,%
HR,2024-01-03,63,%
HR,2024-01-03,64,%
HR,2024-01-03,67,%
HR,2024-01-04,69,%
HR,2024-01-04,69,%
HR,2024-01-04,78,%
HR,2024-01-04,85,%
HR,2024-01-04,85,%
HR,2024-01-04,84,%
HR,2024-01-04,83,%
HR,2024-01-04,84,%
HR,2024-01-04,85,%
HR,2024-01-04,87,%
HR,2024-01-04,90,%
HR,2024-01-04,91,%
HR,2024-01-04,91,%
HR,2024-01-04,90,%
HR,2024-01-04,89,%
HR,2024-01-04,90,%
HR,2024-01-04,90,%
HR,2024-01-04,91,%
HR,2024-01-04,90,%
HR,2024-01-04,90,%
HR,2024-01-04,89,%
HR,2024-01-04,88,%
HR,2024-01-04,86,%
HR,2024-01-04,86,%
HR,2024-01-05,90,%
HR,2024-01-05,91,%
HR,2024-01-05,88,%
HR,2024-01-05,83,%
HR,2024-01-05,83,%
HR,2024-01-05,83,%
HR,2024-01-05,84,%
HR,2024-01-05,84,%
HR,2024-01-05,82,%
HR,2024-01-05,79,%
HR,2024-01-05,69,%
HR,2024-01-05,58,%
HR,2024-01-05,49,%
HR,2024-01-05,40,%
HR,2024-01-05,36,%
HR,2024-01-05,31,%
HR,2024-01-05,30,%
HR,2024-01-05,34,%
HR,2024-01-05,35,%
HR,2024-01-05,40,%
HR,2024-01-05,47,%
HR,2024-01-05,54,%
HR,2024-01-05,58,%
HR,2024-01-05,68,%
HR,2024-01-06,70,%
HR,2024-01-06,73,%
HR,2024-01-06,70,%
HR,2024-01-06,68,%
HR,2024-01-06,69,%
HR,2024-01-06,72,%
HR,2024-01-06,78,%
HR,2024-01-06,77,%
HR,2024-01-06,77,%
HR,2024-01-06,68,%
HR,2024-01-06,56,%
HR,2024-01-06,46,%
HR,2024-01-06,41,%
HR,2024-01-06,40,%
HR,2024-01-06,42,%
HR,2024-01-06,41,%
HR,2024-01-06,39,%
HR,2024-01-06,40,%
HR,2024-01-06,45,%
HR,2024-01-06,45,%
HR,2024-01-06,59,%
HR,2024-01-06,67,%
HR,2024-01-06,67,%
HR,2024-01-06,71,%
HR,2024-01-07,76,%
HR,2024-01-07,79,%
HR,2024-01-07,79,%
HR,2024-01-07,77,%
HR,2024-01-07,77,%
HR,2024-01-07,79,%
HR,2024-01-07,75,%
HR,2024-01-07,77,%
HR,2024-01-07,79,%
HR,2024-01-07,82,%
HR,2024-01-07,79,%
HR,2024-01-07,74,%
HR,2024-01-07,74,%
HR,2024-01-07,71,%
HR,2024-01-07,58,%
HR,2024-01-07,56,%
HR,2024-01-07,60,%
HR,2024-01-07,65,%
HR,2024-01-07,68,%
HR,2024-01-07,70,%
HR,2024-01-07,73,%
HR,2024-01-07,75,%
HR,2024-01-07,75,%
HR,2024-01-08,75,%
HR,2024-01-08,79,%
HR,2024-01-08,84,%
HR,2024-01-08,86,%
HR,2024-01-08,88,%
HR,2024-01-08,90,%
HR,2024-01-08,90,%
HR,2024-01-08,89,%
HR,2024-01-08,90,%
HR,2024-01-08,85,%
HR,2024-01-08,76,%
HR,2024-01-08,65,%
HR,2024-01-08,57,%
HR,2024-01-08,49,%
HR,2024-01-08,35,%
HR,2024-01-08,26,%
HR,2024-01-08,27,%
HR,2024-01-08,27,%
HR,2024-01-08,31,%
HR,2024-01-08,41,%
HR,2024-01-08,36,%
HR,2024-01-08,29,%
HR,2024-01-08,29,%
HR,2024-01-08,28,%
HR,2024-01-09,30,%
HR,2024-01-09,33,%
HR,2024-01-09,35,%
HR,2024-01-09,32,%
HR,2024-01-09,22,%
HR,2024-01-09,29,%
HR,2024-01-09,22,%
HR,2024-01-09,41,%
HR,2024-01-09,45,%
HR,2024-01-09,38,%
HR,2024-01-09,30,%
HR,2024-01-09,25,%
HR,2024-01-09,22,%
HR,2024-01-09,19,%
HR,2024-01-09,17,%
HR,2024-01-09,17,%
HR,2024-01-09,19,%
HR,2024-01-09,21,%
HR,2024-01-09,25,%
HR,2024-01-09,30,%
HR,2024-01-09,36,%
HR,2024-01-09,39,%
HR,2024-01-09,42,%
HR,2024-01-09,45,%
HR,2024-01-10,53,%
HR,2024-01-10,49,%
HR,2024-01-10,50,%
HR,2024-01-10,56,%
HR,2024-01-10,49,%
HR,2024-01-10,50,%
HR,2024-01-10,54,%
HR,2024-01-10,59,%
HR,2024-01-10,60,%
HR,2024-01-10,56,%
HR,2024-01-10,41,%
HR,2024-01-10,36,%
HR,2024-01-10,31,%
HR,2024-01-10,25,%
HR,2024-01-10,23,%
HR,2024-01-10,23,%
HR,2024-01-10,23,%
HR,2024-01-10,26,%
HR,2024-01-10,31,%
HR,2024-01-10,35,%
HR,2024-01-10,45,%
HR,2024-01-10,50,%
HR,2024-01-10,54,%
HR,2024-01-10,60,%
HR,2024-01-11,53,%
HR,2024-01-11,58,%
HR,2024-01-11,59,%
HR,2024-01-11,57,%
HR,2024-01-11,58,%
HR,2024-01-11,57,%
HR,2024-01-11,58,%
HR,2024-01-11,62,%
HR,2024-01-11,69,%
HR,2024-01-11,66,%
HR,2024-01-11,47,%
HR,2024-01-11,32,%
HR,2024-01-11,22,%
HR,2024-01-11,15,%
HR,2024-01-11,13,%
HR,2024-01-11,10,%
HR,2024-01-11,12,%
HR,2024-01-11,14,%
HR,2024-01-11,19,%
HR,2024-01-11,27,%
HR,2024-01-11,32,%
HR,2024-01-11,37,%
HR,2024-01-11,46,%
HR,2024-01-11,50,%
HR,2024-01-12,54,%
HR,2024-01-12,58,%
HR,2024-01-12,59,%
HR,2024-01-12,64,%
HR,2024-01-12,64,%
HR,2024-01-12,63,%
HR,2024-01-12,61,%
HR,2024-01-12,60,%
HR,2024-01-12,34,%
HR,2024-01-16,55,%
HR,2024-01-16,52,%
HR,2024-01-16,49,%
HR,2024-01-16,48,%
HR,2024-01-16,49,%
HR,2024-01-16,56,%
HR,2024-01-16,62,%
HR,2024-01-16,68,%
HR,2024-01-16,72,%
HR,2024-01-16,60,%
HR,2024-01-16,48,%
HR,2024-01-17,47,%
HR,2024-01-17,52,%
HR,2024-01-17,55,%
HR,2024-01-17,55,%
HR,2024-01-17,54,%
HR,2024-01-17,53,%
HR,2024-01-17,57,%
HR,2024-01-17,65,%
HR,2024-01-17,64,%
HR,2024-01-17,58,%
HR,2024-01-17,42,%
HR,2024-01-17,35,%
HR,2024-01-17,34,%
HR,2024-01-17,39,%
HR,2024-01-17,42,%
HR,2024-01-17,43,%
HR,2024-01-17,44,%
HR,2024-01-17,44,%
HR,2024-01-17,43,%
HR,2024-01-17,42,%
HR,2024-01-17,41,%
HR,2024-01-17,48,%
HR,2024-01-17,54,%
HR,2024-01-17,57,%
HR,2024-01-18,64,%
HR,2024-01-18,65,%
HR,2024-01-18,64,%
HR,2024-01-18,59,%
HR,2024-01-18,61,%
HR,2024-01-18,60,%
HR,2024-01-18,59,%
HR,2024-01-18,58,%
HR,2024-01-18,60,%
HR,2024-01-18,64,%
HR,2024-01-18,56,%
HR,2024-01-18,48,%
HR,2024-01-18,38,%
HR,2024-01-18,29,%
HR,2024-01-18,24,%
HR,2024-01-18,23,%
HR,2024-01-18,22,%
HR,2024-01-18,22,%
HR,2024-01-18,28,%
HR,2024-01-18,35,%
HR,2024-01-18,42,%
HR,2024-01-18,49,%
HR,2024-01-18,51,%
HR,2024-01-18,57,%
HR,2024-01-19,63,%
HR,2024-01-19,64,%
HR,2024-01-19,66,%
HR,2024-01-19,63,%
HR,2024-01-19,65,%
HR,2024-01-19,60,%
HR,2024-01-19,65,%
HR,2024-01-19,66,%
HR,2024-01-19,60,%
HR,2024-01-19,61,%
HR,2024-01-19,43,%
HR,2024-01-19,44,%
HR,2024-01-19,38,%
HR,2024-01-19,37,%
HR,2024-01-19,39,%
HR,2024-01-19,43,%
HR,2024-01-19,41,%
HR,2024-01-19,38,%
HR,2024-01-19,37,%
HR,2024-01-19,36,%
HR,2024-01-19,44,%
HR,2024-01-19,45,%
HR,2024-01-19,47,%
HR,2024-01-19,46,%
HR,2024-01-20,47,%
HR,2024-01-20,43,%
HR,2024-01-20,39,%
HR,2024-01-20,47,%
HR,2024-01-20,53,%
HR,2024-01-20,47,%
HR,2024-01-20,46,%
HR,2024-01-20,46,%
HR,2024-01-20,46,%
HR,2024-01-20,46,%
HR,2024-01-20,44,%
HR,2024-01-20,43,%
HR,2024-01-20,42,%
HR,2024-01-20,40,%
HR,2024-01-20,40,%
HR,2024-01-20,47,%
HR,2024-01-20,55,%
HR,2024-01-20,64,%
HR,2024-01-20,77,%
HR,2024-01-20,85,%
HR,2024-01-20,88,%
HR,2024-01-20,90,%
HR,2024-01-20,90,%
HR,2024-01-20,91,%
HR,2024-01-21,91,%
HR,2024-01-21,91,%
HR,2024-01-21,90,%
HR,2024-01-21,90,%
HR,2024-01-21,90,%
HR,2024-01-21,91,%
HR,2024-01-21,91,%
HR,2024-01-21,91,%
HR,2024-01-21,91,%
HR,2024-01-21,91,%
HR,2024-01-21,91,%
HR,2024-01-21,90,%
HR,2024-01-21,89,%
HR,2024-01-21,88,%
HR,2024-01-21,88,%
HR,2024-01-21,89,%
HR,2024-01-21,90,%
HR,2024-01-21,90,%
HR,2024-01-21,91,%
HR,2024-01-21,92,%
HR,2024-01-21,92,%
HR,2024-01-21,92,%
HR,2024-01-21,92,%
HR,2024-01-21,92,%
HR,2024-01-22,92,%
HR,2024-01-22,92,%
HR,2024-01-22,93,%
HR,2024-01-22,93,%
HR,2024-01-22,93,%
HR,2024-01-22,93,%
HR,2024-01-22,93,%
HR,2024-01-22,91,%
HR,2024-01-22,89,%
HR,2024-01-22,80,%
HR,2024-01-22,68,%
HR,2024-01-22,64,%
HR,2024-01-22,59,%
HR,2024-01-22,59,%
HR,2024-01-22,57,%
HR,2024-01-22,60,%
HR,2024-01-22,67,%
HR,2024-01-22,71,%
HR,2024-01-22,76,%
HR,2024-01-22,78,%
HR,2024-01-22,80,%
HR,2024-01-22,83,%
HR,2024-01-23,83,%
HR,2024-01-23,84,%
HR,2024-01-23,85,%
HR,2024-01-23,87,%
HR,2024-01-23,88,%
HR,2024-01-23,88,%
HR,2024-01-23,90,%
HR,2024-01-23,90,%
HR,2024-01-23,90,%
HR,2024-01-23,89,%
HR,2024-01-23,87,%
HR,2024-01-23,75,%
HR,2024-01-23,69,%
HR,2024-01-23,67,%
HR,2024-01-23,65,%
HR,2024-01-23,64,%
HR,2024-01-23,65,%
HR,2024-01-23,69,%
HR,2024-01-23,78,%
HR,2024-01-23,80,%
HR,2024-01-23,81,%
HR,2024-01-23,80,%
HR,2024-01-23,77,%
HR,2024-01-24,77,%
HR,2024-01-24,78,%
HR,2024-01-24,80,%
HR,2024-01-24,80,%
HR,2024-01-24,81,%
HR,2024-01-24,81,%
HR,2024-01-24,82,%
HR,2024-01-24,85,%
HR,2024-01-24,88,%
HR,2024-01-24,87,%
HR,2024-01-24,84,%
HR,2024-01-24,74,%
HR,2024-01-24,67,%
HR,2024-01-24,71,%
HR,2024-01-24,69,%
HR,2024-01-24,69,%
HR,2024-01-24,72,%
HR,2024-01-24,75,%
HR,2024-01-24,75,%
HR,2024-01-24,78,%
HR,2024-01-24,81,%
HR,2024-01-24,83,%
HR,2024-01-24,83,%
HR,2024-01-24,80,%
HR,2024-01-25,77,%
HR,2024-01-25,77,%
HR,2024-01-25,76,%
HR,2024-01-25,75,%
HR,2024-01-25,77,%
HR,2024-01-25,78,%
HR,2024-01-25,78,%
HR,2024-01-25,79,%
HR,2024-01-25,84,%
HR,2024-01-25,77,%
HR,2024-01-25,67,%
HR,2024-01-25,63,%
HR,2024-01-25,56,%
HR,2024-01-25,51,%
HR,2024-01-25,48,%
HR,2024-01-25,47,%
HR,2024-01-25,49,%
HR,2024-01-25,52,%
HR,2024-01-25,55,%
HR,2024-01-25,60,%
HR,2024-01-25,66,%
HR,2024-01-25,71,%
HR,2024-01-25,73,%
HR,2024-01-25,75,%
HR,2024-01-26,76,%
HR,2024-01-26,75,%
HR,2024-01-26,75,%
HR,2024-01-26,76,%
HR,2024-01-26,76,%
HR,2024-01-26,82,%
HR,2024-01-26,85,%
HR,2024-01-26,86,%
HR,2024-01-26,86,%
HR,2024-01-26,86,%
HR,2024-01-26,82,%
HR,2024-01-26,75,%
HR,2024-01-26,68,%
HR,2024-01-26,58,%
HR,2024-01-26,50,%
HR,2024-01-26,46,%
HR,2024-01-26,41,%
HR,2024-01-26,39,%
HR,2024-01-26,44,%
HR,2024-01-26,56,%
HR,2024-01-26,61,%
HR,2024-01-26,65,%
HR,2024-01-26,68,%
HR,2024-01-26,72,%
HR,2024-01-27,70,%
HR,2024-01-27,68,%
HR,2024-01-27,68,%
HR,2024-01-27,3,%
HR,2024-01-27,54,%
HR,2024-01-27,43,%
HR,2024-01-27,41,%
HR,2024-01-27,41,%
HR,2024-01-27,38,%
HR,2024-01-27,37,%
HR,2024-01-27,36,%
HR,2024-01-27,33,%
HR,2024-01-27,31,%
HR,2024-01-27,29,%
HR,2024-01-27,29,%
HR,2024-01-27,33,%
HR,2024-01-27,39,%
HR,2024-01-27,43,%
HR,2024-01-27,52,%
HR,2024-01-27,56,%
HR,2024-01-27,53,%
HR,2024-01-28,59,%
HR,2024-01-28,58,%
HR,2024-01-28,58,%
HR,2024-01-28,61,%
HR,2024-01-28,61,%
HR,2024-01-28,58,%
HR,2024-01-28,63,%
HR,2024-01-28,66,%
HR,2024-01-28,68,%
HR,2024-01-28,58,%
HR,2024-01-28,43,%
HR,2024-01-28,39,%
HR,2024-01-28,37,%
HR,2024-01-28,33,%
HR,2024-01-28,32,%
HR,2024-01-28,31,%
HR,2024-01-28,30,%
HR,2024-01-28,29,%
HR,2024-01-28,30,%
HR,2024-01-28,33,%
HR,2024-01-28,35,%
HR,2024-01-28,38,%
HR,2024-01-28,45,%
HR,2024-01-28,47,%
HR,2024-01-29,49,%
HR,2024-01-29,47,%
HR,2024-01-29,55,%
HR,2024-01-29,59,%
HR,2024-01-29,59,%
HR,2024-01-29,61,%
HR,2024-01-29,64,%
HR,2024-01-29,67,%
HR,2024-01-29,68,%
HR,2024-01-29,56,%
HR,2024-01-29,46,%
HR,2024-01-29,36,%
HR,2024-01-29,33,%
HR,2024-01-29,32,%
HR,2024-01-29,30,%
HR,2024-01-29,28,%
HR,2024-01-29,30,%
HR,2024-01-29,29,%
HR,2024-01-29,29,%
HR,2024-01-29,31,%
HR,2024-01-29,34,%
HR,2024-01-29,38,%
HR,2024-01-29,44,%
HR,2024-01-29,47,%
HR,2024-01-30,47,%
HR,2024-01-30,46,%
HR,2024-01-30,51,%
HR,2024-01-30,56,%
HR,2024-01-30,63,%
HR,2024-01-30,67,%
HR,2024-01-30,69,%
HR,2024-01-30,69,%
HR,2024-01-30,68,%
HR,2024-01-30,65,%
HR,2024-01-30,59,%
HR,2024-01-30,53,%
HR,2024-01-30,49,%
HR,2024-01-30,46,%
HR,2024-01-30,42,%
HR,2024-01-30,38,%
HR,2024-01-30,37,%
HR,2024-01-30,40,%
HR,2024-01-30,42,%
HR,2024-01-30,46,%
HR,2024-01-30,50,%
HR,2024-01-30,56,%
HR,2024-01-30,60,%
HR,2024-01-30,66,%
HR,2024-01-31,67,%
HR,2024-01-31,68,%
HR,2024-01-31,73,%
HR,2024-01-31,78,%
HR,2024-01-31,79,%
HR,2024-01-31,83,%
HR,2024-01-31,85,%
HR,2024-01-31,87,%
HR,2024-01-31,87,%
HR,2024-01-31,84,%
HR,2024-01-31,72,%
HR,2024-01-31,65,%
HR,2024-01-31,58,%
HR,2024-01-31,54,%
HR,2024-01-31,51,%
HR,2024-01-31,49,%
HR,2024-01-31,48,%
HR,2024-01-31,48,%
HR,2024-01-31,48,%
HR,2024-01-31,50,%
HR,2024-01-31,51,%
HR,2024-01-31,54,%
HR,2024-01-31,61,%
HR,2024-01-31,68,%
HR,2024-02-01,74,%
HR,2024-02-01,77,%
HR,2024-02-01,79,%
HR,2024-02-01,81,%
HR,2024-02-01,84,%
HR,2024-02-01,86,%
HR,2024-02-01,87,%
HR,2024-02-01,89,%
HR,2024-02-01,89,%
HR,2024-02-01,84,%
HR,2024-02-01,68,%
HR,2024-02-01,59,%
HR,2024-02-01,55,%
HR,2024-02-01,52,%
HR,2024-02-01,48,%
HR,2024-02-01,47,%
HR,2024-02-01,44,%
HR,2024-02-01,44,%
HR,2024-02-01,47,%
HR,2024-02-01,54,%
HR,2024-02-01,57,%
HR,2024-02-01,60,%
HR,2024-02-01,64,%
HR,2024-02-02,71,%
HR,2024-02-02,75,%
HR,2024-02-02,79,%
HR,2024-02-02,80,%
HR,2024-02-02,83,%
HR,2024-02-02,84,%
HR,2024-02-02,85,%
HR,2024-02-02,86,%
HR,2024-02-02,85,%
HR,2024-02-02,76,%
HR,2024-02-02,65,%
HR,2024-02-02,57,%
HR,2024-02-02,47,%
HR,2024-02-02,41,%
HR,2024-02-02,36,%
HR,2024-02-02,32,%
HR,2024-02-02,31,%
HR,2024-02-02,29,%
HR,2024-02-02,32,%
HR,2024-02-02,36,%
HR,2024-02-02,38,%
HR,2024-02-02,44,%
HR,2024-02-02,49,%
HR,2024-02-02,57,%
HR,2024-02-03,65,%
HR,2024-02-03,70,%
HR,2024-02-03,73,%
HR,2024-02-03,78,%
HR,2024-02-03,80,%
HR,2024-02-03,84,%
HR,2024-02-03,87,%
HR,2024-02-03,71,%
HR,2024-02-03,55,%
HR,2024-02-03,42,%
HR,2024-02-03,39,%
HR,2024-02-03,30,%
HR,2024-02-03,23,%
HR,2024-02-03,10,%
HR,2024-02-03,11,%
HR,2024-02-03,9,%
HR,2024-02-03,6,%
HR,2024-02-03,8,%
HR,2024-02-03,27,%
HR,2024-02-03,33,%
HR,2024-02-03,36,%
HR,2024-02-03,37,%
HR,2024-02-03,43,%
HR,2024-02-03,44,%
HR,2024-02-04,44,%
HR,2024-02-04,47,%
HR,2024-02-04,51,%
HR,2024-02-04,57,%
HR,2024-02-04,63,%
HR,2024-02-04,64,%
HR,2024-02-04,65,%
HR,2024-02-04,67,%
HR,2024-02-04,62,%
HR,2024-02-04,43,%
HR,2024-02-04,24,%
HR,2024-02-04,16,%
HR,2024-02-04,13,%
HR,2024-02-04,10,%
HR,2024-02-04,8,%
HR,2024-02-04,8,%
HR,2024-02-04,7,%
HR,2024-02-04,7,%
HR,2024-02-04,8,%
HR,2024-02-04,9,%
HR,2024-02-04,10,%
HR,2024-02-04,10,%
HR,2024-02-04,13,%
HR,2024-02-04,14,%
HR,2024-02-05,17,%
HR,2024-02-05,19,%
HR,2024-02-05,18,%
HR,2024-02-05,18,%
HR,2024-02-05,18,%
HR,2024-02-05,19,%
HR,2024-02-05,20,%
HR,2024-02-05,22,%
HR,2024-02-05,24,%
HR,2024-02-05,26,%
HR,2024-02-05,23,%
HR,2024-02-05,24,%
HR,2024-02-05,22,%
HR,2024-02-05,19,%
HR,2024-02-05,16,%
HR,2024-02-05,15,%
HR,2024-02-05,16,%
HR,2024-02-05,16,%
HR,2024-02-05,16,%
HR,2024-02-05,19,%
HR,2024-02-05,22,%
HR,2024-02-05,28,%
HR,2024-02-05,30,%
HR,2024-02-05,36,%
HR,2024-02-06,39,%
HR,2024-02-06,39,%
HR,2024-02-06,43,%
HR,2024-02-06,47,%
HR,2024-02-06,52,%
HR,2024-02-06,55,%
HR,2024-02-06,58,%
HR,2024-02-06,61,%
HR,2024-02-06,54,%
HR,2024-02-06,44,%
HR,2024-02-06,39,%
HR,2024-02-06,37,%
HR,2024-02-06,34,%
HR,2024-02-06,32,%
HR,2024-02-06,29,%
HR,2024-02-06,28,%
HR,2024-02-06,28,%
HR,2024-02-06,28,%
HR,2024-02-06,31,%
HR,2024-02-06,35,%
HR,2024-02-06,39,%
HR,2024-02-06,42,%
HR,2024-02-06,44,%
HR,2024-02-07,48,%
HR,2024-02-07,52,%
HR,2024-02-07,60,%
HR,2024-02-07,64,%
HR,2024-02-07,69,%
HR,2024-02-07,73,%
HR,2024-02-07,77,%
HR,2024-02-07,79,%
HR,2024-02-07,77,%
HR,2024-02-07,75,%
HR,2024-02-07,74,%
HR,2024-02-07,67,%
HR,2024-02-07,60,%
HR,2024-02-07,52,%
HR,2024-02-07,45,%
HR,2024-02-07,40,%
HR,2024-02-07,36,%
HR,2024-02-07,37,%
HR,2024-02-07,36,%
HR,2024-02-07,38,%
HR,2024-02-07,43,%
HR,2024-02-07,49,%
HR,2024-02-07,52,%
HR,2024-02-07,54,%
HR,2024-02-08,65,%
HR,2024-02-08,69,%
HR,2024-02-08,75,%
HR,2024-02-08,80,%
HR,2024-02-08,81,%
HR,2024-02-08,83,%
HR,2024-02-08,83,%
HR,2024-02-08,79,%
HR,2024-02-08,80,%
HR,2024-02-08,70,%
HR,2024-02-08,52,%
HR,2024-02-08,43,%
HR,2024-02-08,39,%
HR,2024-02-08,35,%
HR,2024-02-08,32,%
HR,2024-02-08,32,%
HR,2024-02-08,34,%
HR,2024-02-08,39,%
HR,2024-02-08,44,%
HR,2024-02-08,49,%
HR,2024-02-08,54,%
HR,2024-02-08,58,%
HR,2024-02-08,62,%
HR,2024-02-08,64,%
HR,2024-02-09,67,%
HR,2024-02-09,68,%
HR,2024-02-09,71,%
HR,2024-02-09,74,%
HR,2024-02-09,75,%
HR,2024-02-09,76,%
HR,2024-02-09,80,%
HR,2024-02-09,82,%
HR,2024-02-09,82,%
HR,2024-02-09,76,%
HR,2024-02-09,67,%
HR,2024-02-09,57,%
HR,2024-02-09,53,%
HR,2024-02-09,47,%
HR,2024-02-09,41,%
HR,2024-02-09,35,%
HR,2024-02-09,35,%
HR,2024-02-09,37,%
HR,2024-02-09,37,%
HR,2024-02-09,45,%
HR,2024-02-09,49,%
HR,2024-02-09,52,%
HR,2024-02-09,57,%
HR,2024-02-09,64,%
HR,2024-02-10,69,%
HR,2024-02-10,73,%
HR,2024-02-10,75,%
HR,2024-02-10,77,%
HR,2024-02-10,79,%
HR,2024-02-10,81,%
HR,2024-02-10,83,%
HR,2024-02-10,84,%
HR,2024-02-10,84,%
HR,2024-02-10,83,%
HR,2024-02-10,82,%
HR,2024-02-10,73,%
HR,2024-02-10,59,%
HR,2024-02-10,55,%
HR,2024-02-10,54,%
HR,2024-02-10,50,%
HR,2024-02-10,47,%
HR,2024-02-10,45,%
HR,2024-02-10,48,%
HR,2024-02-10,54,%
HR,2024-02-10,58,%
HR,2024-02-10,63,%
HR,2024-02-10,66,%
HR,2024-02-10,68,%
HR,2024-02-11,71,%
HR,2024-02-11,75,%
HR,2024-02-11,78,%
HR,2024-02-11,81,%
HR,2024-02-11,82,%
HR,2024-02-11,85,%
HR,2024-02-11,86,%
HR,2024-02-11,86,%
HR,2024-02-11,74,%
HR,2024-02-11,60,%
HR,2024-02-11,45,%
HR,2024-02-11,33,%
HR,2024-02-11,31,%
HR,2024-02-11,33,%
HR,2024-02-11,27,%
HR,2024-02-11,26,%
HR,2024-02-11,26,%
HR,2024-02-11,26,%
HR,2024-02-11,26,%
HR,2024-02-11,28,%
HR,2024-02-11,29,%
HR,2024-02-11,31,%
HR,2024-02-11,35,%
HR,2024-02-11,29,%
HR,2024-02-12,30,%
HR,2024-02-12,29,%
HR,2024-02-12,28,%
HR,2024-02-12,31,%
HR,2024-02-12,33,%
HR,2024-02-12,36,%
HR,2024-02-12,41,%
HR,2024-02-12,45,%
HR,2024-02-12,48,%
HR,2024-02-12,43,%
HR,2024-02-12,38,%
HR,2024-02-12,33,%
HR,2024-02-12,28,%
HR,2024-02-12,23,%
HR,2024-02-12,20,%
HR,2024-02-12,17,%
HR,2024-02-12,19,%
HR,2024-02-12,22,%
HR,2024-02-12,23,%
HR,2024-02-12,25,%
HR,2024-02-12,28,%
HR,2024-02-12,32,%
HR,2024-02-12,34,%
HR,2024-02-12,34,%
HR,2024-02-13,36,%
HR,2024-02-13,35,%
HR,2024-02-13,35,%
HR,2024-02-13,34,%
HR,2024-02-13,40,%
HR,2024-02-13,43,%
HR,2024-02-13,37,%
HR,2024-02-13,41,%
HR,2024-02-13,42,%
HR,2024-02-13,44,%
HR,2024-02-13,44,%
HR,2024-02-13,40,%
HR,2024-02-13,39,%
HR,2024-02-13,37,%
HR,2024-02-13,35,%
HR,2024-02-13,35,%
HR,2024-02-13,36,%
HR,2024-02-13,36,%
HR,2024-02-13,38,%
HR,2024-02-13,43,%
HR,2024-02-13,48,%
HR,2024-02-13,54,%
HR,2024-02-13,61,%
HR,2024-02-13,66,%
HR,2024-02-14,70,%
HR,2024-02-14,72,%
HR,2024-02-14,75,%
HR,2024-02-14,76,%
HR,2024-02-14,77,%
HR,2024-02-14,76,%
HR,2024-02-14,77,%
HR,2024-02-14,77,%
HR,2024-02-14,76,%
HR,2024-02-14,76,%
HR,2024-02-14,74,%
HR,2024-02-14,72,%
HR,2024-02-14,71,%
HR,2024-02-14,66,%
HR,2024-02-14,64,%
HR,2024-02-14,63,%
HR,2024-02-14,59,%
HR,2024-02-14,61,%
HR,2024-02-14,63,%
HR,2024-02-14,65,%
HR,2024-02-14,67,%
HR,2024-02-14,69,%
HR,2024-02-14,72,%
HR,2024-02-14,75,%
HR,2024-02-15,76,%
HR,2024-02-15,77,%
HR,2024-02-15,77,%
HR,2024-02-15,78,%
HR,2024-02-15,80,%
HR,2024-02-15,80,%
HR,2024-02-15,80,%
HR,2024-02-15,80,%
HR,2024-02-15,78,%
HR,2024-02-15,76,%
HR,2024-02-15,74,%
HR,2024-02-15,70,%
HR,2024-02-15,64,%
HR,2024-02-15,68,%
HR,2024-02-15,73,%
HR,2024-02-15,72,%
HR,2024-02-15,71,%
HR,2024-02-15,68,%
HR,2024-02-15,72,%
HR,2024-02-15,78,%
HR,2024-02-15,83,%
HR,2024-02-15,86,%
HR,2024-02-15,85,%
HR,2024-02-15,86,%
HR,2024-02-16,87,%
HR,2024-02-16,88,%
HR,2024-02-16,87,%
HR,2024-02-16,87,%
HR,2024-02-16,89,%
HR,2024-02-16,90,%
HR,2024-02-16,90,%
HR,2024-02-16,90,%
HR,2024-02-16,90,%
HR,2024-02-16,90,%
HR,2024-02-16,86,%
HR,2024-02-16,80,%
HR,2024-02-16,72,%
HR,2024-02-16,66,%
HR,2024-02-16,65,%
HR,2024-02-16,68,%
HR,2024-02-16,68,%
HR,2024-02-16,67,%
HR,2024-02-16,71,%
HR,2024-02-16,71,%
HR,2024-02-16,73,%
HR,2024-02-16,74,%
HR,2024-02-16,77,%
HR,2024-02-16,80,%
HR,2024-02-17,82,%
HR,2024-02-17,85,%
HR,2024-02-17,87,%
HR,2024-02-17,89,%
HR,2024-02-17,90,%
HR,2024-02-17,89,%
HR,2024-02-17,88,%
HR,2024-02-17,86,%
HR,2024-02-17,76,%
HR,2024-02-17,88,%
HR,2024-02-17,87,%
HR,2024-02-17,87,%
HR,2024-02-17,86,%
HR,2024-02-17,83,%
HR,2024-02-17,83,%
HR,2024-02-17,84,%
HR,2024-02-17,85,%
HR,2024-02-17,85,%
HR,2024-02-17,84,%
HR,2024-02-17,88,%
HR,2024-02-17,90,%
HR,2024-02-17,90,%
HR,2024-02-18,89,%
HR,2024-02-18,77,%
HR,2024-02-18,70,%
HR,2024-02-18,77,%
HR,2024-02-18,88,%
HR,2024-02-18,84,%
HR,2024-02-18,77,%
HR,2024-02-18,72,%
HR,2024-02-18,77,%
HR,2024-02-18,76,%
HR,2024-02-18,74,%
HR,2024-02-18,69,%
HR,2024-02-18,63,%
HR,2024-02-18,60,%
HR,2024-02-18,58,%
HR,2024-02-18,57,%
HR,2024-02-18,56,%
HR,2024-02-18,58,%
HR,2024-02-18,58,%
HR,2024-02-18,61,%
HR,2024-02-18,66,%
HR,2024-02-18,71,%
HR,2024-02-18,77,%
HR,2024-02-18,81,%
HR,2024-02-19,81,%
HR,2024-02-19,79,%
HR,2024-02-19,79,%
HR,2024-02-19,81,%
HR,2024-02-19,84,%
HR,2024-02-19,87,%
HR,2024-02-19,87,%
HR,2024-02-19,87,%
HR,2024-02-19,86,%
HR,2024-02-19,72,%
HR,2024-02-19,63,%
HR,2024-02-19,54,%
HR,2024-02-19,49,%
HR,2024-02-19,43,%
HR,2024-02-19,38,%
HR,2024-02-19,36,%
HR,2024-02-19,37,%
HR,2024-02-19,35,%
HR,2024-02-19,37,%
HR,2024-02-19,43,%
HR,2024-02-19,52,%
HR,2024-02-19,58,%
HR,2024-02-19,66,%
HR,2024-02-19,66,%
HR,2024-02-20,71,%
HR,2024-02-20,77,%
HR,2024-02-20,77,%
HR,2024-02-20,80,%
HR,2024-02-20,85,%
HR,2024-02-20,85,%
HR,2024-02-20,86,%
HR,2024-02-20,87,%
HR,2024-02-20,83,%
HR,2024-02-20,68,%
HR,2024-02-20,56,%
HR,2024-02-20,47,%
HR,2024-02-20,38,%
HR,2024-02-20,34,%
HR,2024-02-20,28,%
HR,2024-02-20,27,%
HR,2024-02-20,25,%
HR,2024-02-20,25,%
HR,2024-02-20,30,%
HR,2024-02-20,34,%
HR,2024-02-20,37,%
HR,2024-02-20,44,%
HR,2024-02-20,56,%
HR,2024-02-20,66,%
HR,2024-02-21,73,%
HR,2024-02-21,81,%
HR,2024-02-21,86,%
HR,2024-02-21,88,%
HR,2024-02-21,90,%
HR,2024-02-21,90,%
HR,2024-02-21,92,%
HR,2024-02-21,93,%
HR,2024-02-21,94,%
HR,2024-02-21,94,%
HR,2024-02-21,93,%
HR,2024-02-21,92,%
HR,2024-02-21,76,%
HR,2024-02-21,53,%
HR,2024-02-21,45,%
HR,2024-02-21,38,%
HR,2024-02-21,34,%
HR,2024-02-21,32,%
HR,2024-02-21,32,%
HR,2024-02-21,36,%
HR,2024-02-21,41,%
HR,2024-02-21,44,%
HR,2024-02-21,56,%
HR,2024-02-21,69,%
HR,2024-02-22,75,%
HR,2024-02-22,82,%
HR,2024-02-22,86,%
HR,2024-02-22,86,%
HR,2024-02-22,88,%
HR,2024-02-22,91,%
HR,2024-02-22,92,%
HR,2024-02-22,93,%
HR,2024-02-22,94,%
HR,2024-02-22,92,%
HR,2024-02-22,86,%
HR,2024-02-22,69,%
HR,2024-02-22,59,%
HR,2024-02-22,48,%
HR,2024-02-22,39,%
HR,2024-02-22,33,%
HR,2024-02-22,31,%
HR,2024-02-22,27,%
HR,2024-02-22,27,%
HR,2024-02-22,33,%
HR,2024-02-22,39,%
HR,2024-02-22,46,%
HR,2024-02-22,51,%
HR,2024-02-22,57,%
HR,2024-02-23,57,%
HR,2024-02-23,62,%
HR,2024-02-23,65,%
HR,2024-02-23,71,%
HR,2024-02-23,73,%
HR,2024-02-23,74,%
HR,2024-02-23,74,%
HR,2024-02-23,71,%
HR,2024-02-23,69,%
HR,2024-02-23,49,%
HR,2024-02-23,37,%
HR,2024-02-23,39,%
HR,2024-02-23,44,%
HR,2024-02-23,41,%
HR,2024-02-23,40,%
HR,2024-02-23,39,%
HR,2024-02-23,39,%
HR,2024-02-23,36,%
HR,2024-02-23,34,%
HR,2024-02-23,32,%
HR,2024-02-23,33,%
HR,2024-02-23,34,%
HR,2024-02-23,36,%
HR,2024-02-23,39,%
HR,2024-02-24,44,%
HR,2024-02-24,47,%
HR,2024-02-24,49,%
HR,2024-02-24,50,%
HR,2024-02-24,54,%
HR,2024-02-24,60,%
HR,2024-02-24,62,%
HR,2024-02-24,66,%
HR,2024-02-24,65,%
HR,2024-02-24,62,%
HR,2024-02-24,52,%
HR,2024-02-24,33,%
HR,2024-02-24,29,%
HR,2024-02-24,25,%
HR,2024-02-24,25,%
HR,2024-02-24,21,%
HR,2024-02-24,21,%
HR,2024-02-24,23,%
HR,2024-02-24,25,%
HR,2024-02-24,30,%
HR,2024-02-24,38,%
HR,2024-02-24,49,%
HR,2024-02-24,56,%
HR,2024-02-24,58,%
HR,2024-02-25,62,%
HR,2024-02-25,66,%
HR,2024-02-25,70,%
HR,2024-02-25,76,%
HR,2024-02-25,79,%
HR,2024-02-25,81,%
HR,2024-02-25,83,%
HR,2024-02-25,84,%
HR,2024-02-25,84,%
HR,2024-02-25,71,%
HR,2024-02-25,60,%
HR,2024-02-25,48,%
HR,2024-02-25,41,%
HR,2024-02-25,38,%
HR,2024-02-25,34,%
HR,2024-02-25,29,%
HR,2024-02-25,29,%
HR,2024-02-25,28,%
HR,2024-02-25,33,%
HR,2024-02-25,41,%
HR,2024-02-25,44,%
HR,2024-02-25,45,%
HR,2024-02-25,54,%
HR,2024-02-25,57,%
HR,2024-02-26,64,%
HR,2024-02-26,71,%
HR,2024-02-26,75,%
HR,2024-02-26,81,%
HR,2024-02-26,86,%
HR,2024-02-26,88,%
HR,2024-02-26,89,%
HR,2024-02-26,89,%
HR,2024-02-26,84,%
HR,2024-02-26,73,%
HR,2024-02-26,54,%
HR,2024-02-26,36,%
HR,2024-02-26,33,%
HR,2024-02-26,39,%
HR,2024-02-26,35,%
HR,2024-02-26,30,%
HR,2024-02-26,30,%
HR,2024-02-26,28,%
HR,2024-02-26,28,%
HR,2024-02-26,36,%
HR,2024-02-26,40,%
HR,2024-02-26,48,%
HR,2024-02-26,52,%
HR,2024-02-26,53,%
HR,2024-02-27,55,%
HR,2024-02-27,72,%
HR,2024-02-27,75,%
HR,2024-02-27,80,%
HR,2024-02-27,82,%
HR,2024-02-27,84,%
HR,2024-02-27,86,%
HR,2024-02-27,87,%
HR,2024-02-27,85,%
HR,2024-02-27,72,%
HR,2024-02-27,60,%
HR,2024-02-27,46,%
HR,2024-02-27,33,%
HR,2024-02-27,26,%
HR,2024-02-27,17,%
HR,2024-02-27,12,%
HR,2024-02-27,10,%
HR,2024-02-27,13,%
HR,2024-02-27,16,%
HR,2024-02-27,22,%
HR,2024-02-27,32,%
HR,2024-02-27,39,%
HR,2024-02-27,44,%
HR,2024-02-27,47,%
HR,2024-02-28,47,%
HR,2024-02-28,57,%
HR,2024-02-28,64,%
HR,2024-02-28,66,%
HR,2024-02-28,68,%
HR,2024-02-28,66,%
HR,2024-02-28,62,%
HR,2024-02-28,40,%
HR,2024-02-28,29,%
HR,2024-02-28,28,%
HR,2024-02-28,22,%
HR,2024-02-28,18,%
HR,2024-02-28,16,%
HR,2024-02-28,26,%
HR,2024-02-28,38,%
HR,2024-02-28,47,%
HR,2024-02-28,46,%
HR,2024-02-28,41,%
HR,2024-02-28,38,%
HR,2024-02-28,32,%
HR,2024-02-28,29,%
HR,2024-02-28,29,%
HR,2024-02-28,30,%
HR,2024-02-28,30,%
HR,2024-02-29,30,%
HR,2024-02-29,31,%
HR,2024-02-29,32,%
HR,2024-02-29,35,%
HR,2024-02-29,36,%
HR,2024-02-29,36,%
HR,2024-02-29,35,%
HR,2024-02-29,36,%
HR,2024-02-29,39,%
HR,2024-02-29,40,%
HR,2024-02-29,38,%
HR,2024-02-29,37,%
HR,2024-02-29,36,%
HR,2024-02-29,36,%
HR,2024-02-29,38,%
HR,2024-02-29,37,%
HR,2024-02-29,39,%
HR,2024-02-29,39,%
HR,2024-02-29,41,%
HR,2024-02-29,43,%
HR,2024-02-29,49,%
HR,2024-02-29,54,%
HR,2024-02-29,57,%
HR,2024-03-01,64,%
HR,2024-03-01,73,%
HR,2024-03-01,79,%
HR,2024-03-01,80,%
HR,2024-03-01,77,%
HR,2024-03-01,79,%
HR,2024-03-01,82,%
HR,2024-03-01,80,%
HR,2024-03-01,73,%
HR,2024-03-01,65,%
HR,2024-03-01,52,%
HR,2024-03-01,43,%
HR,2024-03-01,36,%
HR,2024-03-01,27,%
HR,2024-03-01,28,%
HR,2024-03-01,32,%
HR,2024-03-01,37,%
HR,2024-03-01,43,%
HR,2024-03-01,50,%
HR,2024-03-01,56,%
HR,2024-03-01,60,%
HR,2024-03-01,64,%
HR,2024-03-02,68,%
HR,2024-03-02,73,%
HR,2024-03-02,77,%
HR,2024-03-02,81,%
HR,2024-03-02,84,%
HR,2024-03-02,84,%
HR,2024-03-02,84,%
HR,2024-03-02,83,%
HR,2024-03-02,79,%
HR,2024-03-02,68,%
HR,2024-03-02,56,%
HR,2024-03-02,42,%
HR,2024-03-02,37,%
HR,2024-03-02,34,%
HR,2024-03-02,28,%
HR,2024-03-02,25,%
HR,2024-03-02,24,%
HR,2024-03-02,24,%
HR,2024-03-02,23,%
HR,2024-03-02,28,%
HR,2024-03-02,35,%
HR,2024-03-02,42,%
HR,2024-03-02,57,%
HR,2024-03-02,66,%
HR,2024-03-03,76,%
HR,2024-03-03,80,%
HR,2024-03-03,85,%
HR,2024-03-03,87,%
HR,2024-03-03,89,%
HR,2024-03-03,90,%
HR,2024-03-03,91,%
HR,2024-03-03,90,%
HR,2024-03-03,89,%
HR,2024-03-03,83,%
HR,2024-03-03,41,%
HR,2024-03-03,55,%
HR,2024-03-03,54,%
HR,2024-03-03,44,%
HR,2024-03-03,41,%
HR,2024-03-03,35,%
HR,2024-03-03,34,%
HR,2024-03-03,40,%
HR,2024-03-03,45,%
HR,2024-03-03,49,%
HR,2024-03-03,54,%
HR,2024-03-03,57,%
HR,2024-03-03,61,%
HR,2024-03-03,68,%
HR,2024-03-04,76,%
HR,2024-03-04,81,%
HR,2024-03-04,86,%
HR,2024-03-04,87,%
HR,2024-03-04,90,%
HR,2024-03-04,90,%
HR,2024-03-04,89,%
HR,2024-03-04,87,%
HR,2024-03-04,85,%
HR,2024-03-04,81,%
HR,2024-03-04,74,%
HR,2024-03-04,68,%
HR,2024-03-04,63,%
HR,2024-03-04,60,%
HR,2024-03-04,55,%
HR,2024-03-04,56,%
HR,2024-03-04,57,%
HR,2024-03-04,58,%
HR,2024-03-04,59,%
HR,2024-03-04,64,%
HR,2024-03-04,66,%
HR,2024-03-04,68,%
HR,2024-03-04,71,%
HR,2024-03-04,73,%
HR,2024-03-05,74,%
HR,2024-03-05,76,%
HR,2024-03-05,78,%
HR,2024-03-05,80,%
HR,2024-03-05,85,%
HR,2024-03-05,86,%
HR,2024-03-05,87,%
HR,2024-03-05,88,%
HR,2024-03-05,87,%
HR,2024-03-05,75,%
HR,2024-03-05,58,%
HR,2024-03-05,41,%
HR,2024-03-05,27,%
HR,2024-03-05,25,%
HR,2024-03-05,27,%
HR,2024-03-05,24,%
HR,2024-03-05,24,%
HR,2024-03-05,25,%
HR,2024-03-05,24,%
HR,2024-03-05,29,%
HR,2024-03-05,37,%
HR,2024-03-05,43,%
HR,2024-03-05,44,%
HR,2024-03-05,48,%
HR,2024-03-06,52,%
HR,2024-03-06,69,%
HR,2024-03-06,77,%
HR,2024-03-06,80,%
HR,2024-03-06,83,%
HR,2024-03-06,85,%
HR,2024-03-06,87,%
HR,2024-03-06,88,%
HR,2024-03-06,89,%
HR,2024-03-06,84,%
HR,2024-03-06,74,%
HR,2024-03-06,66,%
HR,2024-03-06,53,%
HR,2024-03-06,51,%
HR,2024-03-06,47,%
HR,2024-03-06,43,%
HR,2024-03-06,37,%
HR,2024-03-06,35,%
HR,2024-03-06,36,%
HR,2024-03-06,39,%
HR,2024-03-06,48,%
HR,2024-03-06,62,%
HR,2024-03-06,70,%
HR,2024-03-06,75,%
HR,2024-03-07,78,%
HR,2024-03-07,82,%
HR,2024-03-07,81,%
HR,2024-03-07,80,%
HR,2024-03-07,80,%
HR,2024-03-07,81,%
HR,2024-03-07,81,%
HR,2024-03-07,80,%
HR,2024-03-07,80,%
HR,2024-03-07,78,%
HR,2024-03-07,72,%
HR,2024-03-07,67,%
HR,2024-03-07,61,%
HR,2024-03-07,53,%
HR,2024-03-07,45,%
HR,2024-03-07,44,%
HR,2024-03-07,43,%
HR,2024-03-07,42,%
HR,2024-03-07,42,%
HR,2024-03-07,46,%
HR,2024-03-07,51,%
HR,2024-03-07,54,%
HR,2024-03-07,60,%
HR,2024-03-07,64,%
HR,2024-03-08,66,%
HR,2024-03-08,68,%
HR,2024-03-08,71,%
HR,2024-03-08,76,%
HR,2024-03-08,80,%
HR,2024-03-08,80,%
HR,2024-03-08,83,%
HR,2024-03-08,82,%
HR,2024-03-08,81,%
HR,2024-03-08,74,%
HR,2024-03-08,42,%
HR,2024-03-08,16,%
HR,2024-03-08,13,%
HR,2024-03-08,12,%
HR,2024-03-08,11,%
HR,2024-03-08,11,%
HR,2024-03-08,15,%
HR,2024-03-08,18,%
HR,2024-03-08,20,%
HR,2024-03-08,24,%
HR,2024-03-08,29,%
HR,2024-03-08,33,%
HR,2024-03-09,35,%
HR,2024-03-09,31,%
HR,2024-03-09,25,%
HR,2024-03-09,33,%
HR,2024-03-09,26,%
HR,2024-03-09,25,%
HR,2024-03-09,30,%
HR,2024-03-09,44,%
HR,2024-03-09,50,%
HR,2024-03-09,49,%
HR,2024-03-09,44,%
HR,2024-03-09,39,%
HR,2024-03-09,35,%
HR,2024-03-09,33,%
HR,2024-03-09,32,%
HR,2024-03-09,35,%
HR,2024-03-09,33,%
HR,2024-03-09,31,%
HR,2024-03-09,31,%
HR,2024-03-09,33,%
HR,2024-03-09,34,%
HR,2024-03-09,35,%
HR,2024-03-09,38,%
HR,2024-03-09,40,%
HR,2024-03-10,41,%
HR,2024-03-10,41,%
HR,2024-03-10,38,%
HR,2024-03-10,37,%
HR,2024-03-10,39,%
HR,2024-03-10,43,%
HR,2024-03-10,48,%
HR,2024-03-10,53,%
HR,2024-03-10,54,%
HR,2024-03-10,51,%
HR,2024-03-10,43,%
HR,2024-03-10,42,%
HR,2024-03-10,41,%
HR,2024-03-10,38,%
HR,2024-03-10,39,%
HR,2024-03-10,39,%
HR,2024-03-10,40,%
HR,2024-03-10,41,%
HR,2024-03-10,41,%
HR,2024-03-10,42,%
HR,2024-03-10,45,%
HR,2024-03-10,48,%
HR,2024-03-10,48,%
HR,2024-03-10,46,%
HR,2024-03-11,47,%
HR,2024-03-11,51,%
HR,2024-03-11,60,%
HR,2024-03-11,69,%
HR,2024-03-11,75,%
HR,2024-03-11,80,%
HR,2024-03-11,81,%
HR,2024-03-11,84,%
HR,2024-03-11,82,%
HR,2024-03-11,79,%
HR,2024-03-11,74,%
HR,2024-03-11,70,%
HR,2024-03-11,67,%
HR,2024-03-11,60,%
HR,2024-03-11,54,%
HR,2024-03-11,51,%
HR,2024-03-11,52,%
HR,2024-03-11,50,%
HR,2024-03-11,50,%
HR,2024-03-11,54,%
HR,2024-03-11,58,%
HR,2024-03-11,59,%
HR,2024-03-11,65,%
HR,2024-03-11,70,%
HR,2024-03-12,72,%
HR,2024-03-12,74,%
HR,2024-03-12,75,%
HR,2024-03-12,76,%
HR,2024-03-12,77,%
HR,2024-03-12,79,%
HR,2024-03-12,79,%
HR,2024-03-12,79,%
HR,2024-03-12,80,%
HR,2024-03-12,78,%
HR,2024-03-12,71,%
HR,2024-03-12,63,%
HR,2024-03-12,57,%
HR,2024-03-12,50,%
HR,2024-03-12,46,%
HR,2024-03-12,47,%
HR,2024-03-12,49,%
HR,2024-03-12,50,%
HR,2024-03-12,50,%
HR,2024-03-12,54,%
HR,2024-03-12,63,%
HR,2024-03-12,62,%
HR,2024-03-12,70,%
HR,2024-03-12,73,%
HR,2024-03-13,76,%
HR,2024-03-13,80,%
HR,2024-03-13,86,%
HR,2024-03-13,88,%
HR,2024-03-13,90,%
HR,2024-03-13,90,%
HR,2024-03-13,91,%
HR,2024-03-13,90,%
HR,2024-03-13,90,%
HR,2024-03-13,89,%
HR,2024-03-13,73,%
HR,2024-03-13,51,%
HR,2024-03-13,35,%
HR,2024-03-13,24,%
HR,2024-03-13,24,%
HR,2024-03-13,21,%
HR,2024-03-13,18,%
HR,2024-03-13,19,%
HR,2024-03-13,24,%
HR,2024-03-13,30,%
HR,2024-03-13,35,%
HR,2024-03-13,39,%
HR,2024-03-13,41,%
HR,2024-03-13,57,%
HR,2024-03-14,69,%
HR,2024-03-14,74,%
HR,2024-03-14,77,%
HR,2024-03-14,80,%
HR,2024-03-14,82,%
HR,2024-03-14,85,%
HR,2024-03-14,87,%
HR,2024-03-14,88,%
HR,2024-03-14,88,%
HR,2024-03-14,82,%
HR,2024-03-14,72,%
HR,2024-03-14,65,%
HR,2024-03-14,55,%
HR,2024-03-14,41,%
HR,2024-03-14,32,%
HR,2024-03-14,32,%
HR,2024-03-14,28,%
HR,2024-03-14,31,%
HR,2024-03-14,30,%
HR,2024-03-14,31,%
HR,2024-03-14,38,%
HR,2024-03-14,41,%
HR,2024-03-14,48,%
HR,2024-03-14,66,%
HR,2024-03-15,72,%
HR,2024-03-15,75,%
HR,2024-03-15,79,%
HR,2024-03-15,80,%
HR,2024-03-15,83,%
HR,2024-03-15,84,%
HR,2024-03-15,86,%
HR,2024-03-15,86,%
HR,2024-03-15,87,%
HR,2024-03-15,81,%
HR,2024-03-15,70,%
HR,2024-03-15,60,%
HR,2024-03-15,51,%
HR,2024-03-15,42,%
HR,2024-03-15,37,%
HR,2024-03-15,36,%
HR,2024-03-15,31,%
HR,2024-03-15,29,%
HR,2024-03-15,32,%
HR,2024-03-15,33,%
HR,2024-03-15,39,%
HR,2024-03-15,54,%
HR,2024-03-15,65,%
HR,2024-03-15,70,%
HR,2024-03-16,72,%
HR,2024-03-16,75,%
HR,2024-03-16,89,%
HR,2024-03-16,89,%
HR,2024-03-16,90,%
HR,2024-03-16,90,%
HR,2024-03-16,90,%
HR,2024-03-16,90,%
HR,2024-03-16,90,%
HR,2024-03-16,90,%
HR,2024-03-16,90,%
HR,2024-03-16,81,%
HR,2024-03-16,74,%
HR,2024-03-16,73,%
HR,2024-03-16,63,%
HR,2024-03-16,62,%
HR,2024-03-16,65,%
HR,2024-03-16,70,%
HR,2024-03-16,75,%
HR,2024-03-16,72,%
HR,2024-03-16,72,%
HR,2024-03-16,76,%
HR,2024-03-17,80,%
HR,2024-03-17,81,%
HR,2024-03-17,82,%
HR,2024-03-17,82,%
HR,2024-03-17,77,%
HR,2024-03-17,78,%
HR,2024-03-17,79,%
HR,2024-03-17,80,%
HR,2024-03-17,82,%
HR,2024-03-17,82,%
HR,2024-03-17,86,%
HR,2024-03-17,83,%
HR,2024-03-17,78,%
HR,2024-03-17,72,%
HR,2024-03-17,64,%
HR,2024-03-17,60,%
HR,2024-03-17,61,%
HR,2024-03-17,65,%
HR,2024-03-17,66,%
HR,2024-03-17,68,%
HR,2024-03-17,71,%
HR,2024-03-17,74,%
HR,2024-03-17,76,%
HR,2024-03-17,77,%
HR,2024-03-18,79,%
HR,2024-03-18,86,%
HR,2024-03-18,86,%
HR,2024-03-18,88,%
HR,2024-03-18,90,%
HR,2024-03-18,91,%
HR,2024-03-18,91,%
HR,2024-03-18,91,%
HR,2024-03-18,91,%
HR,2024-03-18,91,%
HR,2024-03-18,91,%
HR,2024-03-18,90,%
HR,2024-03-18,90,%
HR,2024-03-18,90,%
HR,2024-03-18,90,%
HR,2024-03-18,90,%
HR,2024-03-18,90,%
HR,2024-03-18,90,%
HR,2024-03-18,89,%
HR,2024-03-18,90,%
HR,2024-03-18,91,%
HR,2024-03-19,89,%
HR,2024-03-19,86,%
HR,2024-03-19,84,%
HR,2024-03-19,81,%
HR,2024-03-19,80,%
HR,2024-03-19,80,%
HR,2024-03-19,78,%
HR,2024-03-19,83,%
HR,2024-03-19,87,%
HR,2024-03-19,82,%
HR,2024-03-19,80,%
HR,2024-03-19,80,%
HR,2024-03-19,85,%
HR,2024-03-19,80,%
HR,2024-03-19,81,%
HR,2024-03-19,85,%
HR,2024-03-19,88,%
HR,2024-03-19,86,%
HR,2024-03-19,85,%
HR,2024-03-19,86,%
HR,2024-03-19,87,%
HR,2024-03-19,88,%
HR,2024-03-19,89,%
HR,2024-03-19,89,%
HR,2024-03-20,89,%
HR,2024-03-20,89,%
HR,2024-03-20,91,%
HR,2024-03-20,91,%
HR,2024-03-20,91,%
HR,2024-03-20,91,%
HR,2024-03-20,92,%
HR,2024-03-20,92,%
HR,2024-03-20,92,%
HR,2024-03-20,92,%
HR,2024-03-20,88,%
HR,2024-03-20,74,%
HR,2024-03-20,66,%
HR,2024-03-20,66,%
HR,2024-03-20,65,%
HR,2024-03-20,67,%
HR,2024-03-20,68,%
HR,2024-03-20,73,%
HR,2024-03-20,78,%
HR,2024-03-20,80,%
HR,2024-03-20,83,%
HR,2024-03-20,84,%
HR,2024-03-20,87,%
HR,2024-03-20,90,%
HR,2024-03-21,91,%
HR,2024-03-21,91,%
HR,2024-03-21,91,%
HR,2024-03-21,91,%
HR,2024-03-21,91,%
HR,2024-03-21,91,%
HR,2024-03-21,91,%
HR,2024-03-21,90,%
HR,2024-03-21,82,%
HR,2024-03-21,70,%
HR,2024-03-21,62,%
HR,2024-03-21,55,%
HR,2024-03-21,53,%
HR,2024-03-21,50,%
HR,2024-03-21,52,%
HR,2024-03-21,52,%
HR,2024-03-21,55,%
HR,2024-03-21,57,%
HR,2024-03-21,63,%
HR,2024-03-21,69,%
HR,2024-03-21,71,%
HR,2024-03-21,74,%
HR,2024-03-21,78,%
HR,2024-03-22,80,%
HR,2024-03-22,82,%
HR,2024-03-22,84,%
HR,2024-03-22,85,%
HR,2024-03-22,87,%
HR,2024-03-22,88,%
HR,2024-03-22,86,%
HR,2024-03-22,84,%
HR,2024-03-22,77,%
HR,2024-03-22,68,%
HR,2024-03-22,58,%
HR,2024-03-22,39,%
HR,2024-03-22,30,%
HR,2024-03-22,22,%
HR,2024-03-22,19,%
HR,2024-03-22,15,%
HR,2024-03-22,13,%
HR,2024-03-22,13,%
HR,2024-03-22,13,%
HR,2024-03-22,15,%
HR,2024-03-22,20,%
HR,2024-03-22,27,%
HR,2024-03-22,36,%
HR,2024-03-22,43,%
HR,2024-03-23,44,%
HR,2024-03-23,43,%
HR,2024-03-23,49,%
HR,2024-03-23,56,%
HR,2024-03-23,61,%
HR,2024-03-23,66,%
HR,2024-03-23,72,%
HR,2024-03-23,74,%
HR,2024-03-23,70,%
HR,2024-03-23,64,%
HR,2024-03-23,60,%
HR,2024-03-23,55,%
HR,2024-03-23,49,%
HR,2024-03-23,46,%
HR,2024-03-23,43,%
HR,2024-03-23,41,%
HR,2024-03-23,41,%
HR,2024-03-23,41,%
HR,2024-03-23,43,%
HR,2024-03-23,44,%
HR,2024-03-23,46,%
HR,2024-03-23,54,%
HR,2024-03-23,60,%
HR,2024-03-23,67,%
HR,2024-03-24,73,%
HR,2024-03-24,76,%
HR,2024-03-24,76,%
HR,2024-03-24,78,%
HR,2024-03-24,82,%
HR,2024-03-24,84,%
HR,2024-03-24,85,%
HR,2024-03-24,85,%
HR,2024-03-24,85,%
HR,2024-03-24,81,%
HR,2024-03-24,75,%
HR,2024-03-24,69,%
HR,2024-03-24,64,%
HR,2024-03-24,57,%
HR,2024-03-24,48,%
HR,2024-03-24,41,%
HR,2024-03-24,39,%
HR,2024-03-24,39,%
HR,2024-03-24,40,%
HR,2024-03-24,43,%
HR,2024-03-24,48,%
HR,2024-03-24,48,%
HR,2024-03-24,59,%
HR,2024-03-24,70,%
HR,2024-03-25,78,%
HR,2024-03-25,82,%
HR,2024-03-25,85,%
HR,2024-03-25,87,%
HR,2024-03-25,89,%
HR,2024-03-25,89,%
HR,2024-03-25,91,%
HR,2024-03-25,92,%
HR,2024-03-25,92,%
HR,2024-03-25,93,%
HR,2024-03-25,77,%
HR,2024-03-25,35,%
HR,2024-03-25,42,%
HR,2024-03-25,39,%
HR,2024-03-25,33,%
HR,2024-03-25,32,%
HR,2024-03-25,28,%
HR,2024-03-25,25,%
HR,2024-03-25,23,%
HR,2024-03-25,24,%
HR,2024-03-25,24,%
HR,2024-03-25,28,%
HR,2024-03-25,39,%
HR,2024-03-25,45,%
HR,2024-03-26,39,%
HR,2024-03-26,23,%
HR,2024-03-26,24,%
HR,2024-03-26,27,%
HR,2024-03-26,38,%
HR,2024-03-26,41,%
HR,2024-03-26,42,%
HR,2024-03-26,32,%
HR,2024-03-26,28,%
HR,2024-03-26,21,%
HR,2024-03-26,16,%
HR,2024-03-26,15,%
HR,2024-03-26,16,%
HR,2024-04-03,20,%
HR,2024-04-03,18,%
HR,2024-04-03,16,%
HR,2024-04-03,14,%
HR,2024-04-03,16,%
HR,2024-04-03,18,%
HR,2024-04-03,20,%
HR,2024-04-03,21,%
HR,2024-04-03,23,%
HR,2024-04-03,30,%
HR,2024-04-03,30,%
HR,2024-04-04,32,%
HR,2024-04-04,34,%
HR,2024-04-04,36,%
HR,2024-04-04,41,%
HR,2024-04-04,41,%
HR,2024-04-04,43,%
HR,2024-04-04,46,%
HR,2024-04-04,40,%
HR,2024-04-04,37,%
HR,2024-04-04,32,%
HR,2024-04-04,27,%
HR,2024-04-04,27,%
HR,2024-04-04,24,%
HR,2024-04-04,22,%
HR,2024-04-04,20,%
HR,2024-04-04,18,%
HR,2024-04-04,16,%
HR,2024-04-04,15,%
HR,2024-04-04,14,%
HR,2024-04-04,15,%
HR,2024-04-04,16,%
HR,2024-04-04,20,%
HR,2024-04-04,21,%
HR,2024-04-04,24,%
HR,2024-04-05,28,%
HR,2024-04-05,29,%
HR,2024-04-05,29,%
HR,2024-04-05,32,%
HR,2024-04-05,37,%
HR,2024-04-05,44,%
HR,2024-04-05,51,%
HR,2024-04-05,53,%
HR,2024-04-05,51,%
HR,2024-04-05,47,%
HR,2024-04-05,42,%
HR,2024-04-05,36,%
HR,2024-04-05,38,%
HR,2024-04-05,36,%
HR,2024-04-05,29,%
HR,2024-04-05,27,%
HR,2024-04-05,26,%
HR,2024-04-05,24,%
HR,2024-04-05,24,%
HR,2024-04-05,39,%
HR,2024-04-05,47,%
HR,2024-04-05,54,%
HR,2024-04-05,59,%
HR,2024-04-05,63,%
HR,2024-04-06,66,%
HR,2024-04-06,69,%
HR,2024-04-06,73,%
HR,2024-04-06,75,%
HR,2024-04-06,78,%
HR,2024-04-06,80,%
HR,2024-04-06,84,%
HR,2024-04-06,81,%
HR,2024-04-06,74,%
HR,2024-04-06,63,%
HR,2024-04-06,55,%
HR,2024-04-06,47,%
HR,2024-04-06,35,%
HR,2024-04-06,28,%
HR,2024-04-06,26,%
HR,2024-04-06,24,%
HR,2024-04-06,23,%
HR,2024-04-06,19,%
HR,2024-04-06,23,%
HR,2024-04-06,30,%
HR,2024-04-06,45,%
HR,2024-04-06,63,%
HR,2024-04-06,70,%
HR,2024-04-07,75,%
HR,2024-04-07,78,%
HR,2024-04-07,83,%
HR,2024-04-07,71,%
HR,2024-04-07,58,%
HR,2024-04-07,49,%
HR,2024-04-07,41,%
HR,2024-04-07,40,%
HR,2024-04-07,33,%
HR,2024-04-07,34,%
HR,2024-04-07,35,%
HR,2024-04-07,29,%
HR,2024-04-07,28,%
HR,2024-04-07,29,%
HR,2024-04-07,34,%
HR,2024-04-07,48,%
HR,2024-04-07,57,%
HR,2024-04-07,61,%
HR,2024-04-08,63,%
HR,2024-04-08,63,%
HR,2024-04-08,64,%
HR,2024-04-08,67,%
HR,2024-04-08,72,%
HR,2024-04-08,81,%
HR,2024-04-08,85,%
HR,2024-04-08,86,%
HR,2024-04-08,87,%
HR,2024-04-08,85,%
HR,2024-04-08,82,%
HR,2024-04-08,74,%
HR,2024-04-08,69,%
HR,2024-04-08,72,%
HR,2024-04-08,65,%
HR,2024-04-08,54,%
HR,2024-04-08,51,%
HR,2024-04-08,49,%
HR,2024-04-08,51,%
HR,2024-04-08,53,%
HR,2024-04-08,57,%
HR,2024-04-08,62,%
HR,2024-04-08,69,%
HR,2024-04-08,74,%
HR,2024-04-09,77,%
HR,2024-04-09,79,%
HR,2024-04-09,81,%
HR,2024-04-09,82,%
HR,2024-04-09,83,%
HR,2024-04-09,86,%
HR,2024-04-09,71,%
HR,2024-04-09,63,%
HR,2024-04-09,50,%
HR,2024-04-09,42,%
HR,2024-04-09,33,%
HR,2024-04-09,26,%
HR,2024-04-09,25,%
HR,2024-04-09,25,%
HR,2024-04-09,23,%
HR,2024-04-09,24,%
HR,2024-04-09,34,%
HR,2024-04-09,47,%
HR,2024-04-09,54,%
HR,2024-04-09,64,%
HR,2024-04-10,69,%
HR,2024-04-10,57,%
HR,2024-04-10,32,%
HR,2024-04-10,34,%
HR,2024-04-10,35,%
HR,2024-04-10,37,%
HR,2024-04-10,40,%
HR,2024-04-10,43,%
HR,2024-04-10,38,%
HR,2024-04-10,34,%
HR,2024-04-10,27,%
HR,2024-04-10,18,%
HR,2024-04-10,11,%
HR,2024-04-10,8,%
HR,2024-04-10,5,%
HR,2024-04-10,2,%
HR,2024-04-10,9,%
HR,2024-04-10,4,%
HR,2024-04-10,4,%
HR,2024-04-10,4,%
HR,2024-04-10,6,%
HR,2024-04-10,9,%
HR,2024-04-10,20,%
HR,2024-04-10,23,%
HR,2024-04-11,25,%
HR,2024-04-11,28,%
HR,2024-04-11,31,%
HR,2024-04-11,33,%
HR,2024-04-11,36,%
HR,2024-04-11,41,%
HR,2024-04-11,43,%
HR,2024-04-11,45,%
HR,2024-04-11,41,%
HR,2024-04-11,36,%
HR,2024-04-11,29,%
HR,2024-04-11,24,%
HR,2024-04-11,21,%
HR,2024-04-11,19,%
HR,2024-04-11,16,%
HR,2024-04-11,13,%
HR,2024-04-11,12,%
HR,2024-04-11,12,%
HR,2024-04-11,12,%
HR,2024-04-11,12,%
HR,2024-04-11,14,%
HR,2024-04-11,19,%
HR,2024-04-11,24,%
HR,2024-04-11,26,%
HR,2024-04-12,30,%
HR,2024-04-12,31,%
HR,2024-04-12,32,%
HR,2024-04-12,33,%
HR,2024-04-12,34,%
HR,2024-04-12,37,%
HR,2024-04-12,40,%
HR,2024-04-12,44,%
HR,2024-04-12,44,%
HR,2024-04-12,44,%
HR,2024-04-12,39,%
HR,2024-04-12,30,%
HR,2024-04-12,26,%
HR,2024-04-12,22,%
HR,2024-04-12,18,%
HR,2024-04-12,15,%
HR,2024-04-12,14,%
HR,2024-04-12,17,%
HR,2024-04-12,22,%
HR,2024-04-12,25,%
HR,2024-04-12,27,%
HR,2024-04-12,31,%
HR,2024-04-12,40,%
HR,2024-04-12,47,%
HR,2024-04-13,55,%
HR,2024-04-13,60,%
HR,2024-04-13,64,%
HR,2024-04-13,66,%
HR,2024-04-13,66,%
HR,2024-04-13,65,%
HR,2024-04-13,71,%
HR,2024-04-13,68,%
HR,2024-04-13,68,%
HR,2024-04-13,64,%
HR,2024-04-13,56,%
HR,2024-04-13,51,%
HR,2024-04-13,44,%
HR,2024-04-13,38,%
HR,2024-04-13,34,%
HR,2024-04-13,33,%
HR,2024-04-13,32,%
HR,2024-04-13,32,%
HR,2024-04-13,41,%
HR,2024-04-13,50,%
HR,2024-04-13,56,%
HR,2024-04-13,60,%
HR,2024-04-13,63,%
HR,2024-04-14,65,%
HR,2024-04-14,67,%
HR,2024-04-14,71,%
HR,2024-04-14,73,%
HR,2024-04-14,72,%
HR,2024-04-14,70,%
HR,2024-04-14,70,%
HR,2024-04-14,70,%
HR,2024-04-14,66,%
HR,2024-04-14,56,%
HR,2024-04-14,51,%
HR,2024-04-14,46,%
HR,2024-04-14,39,%
HR,2024-04-14,37,%
HR,2024-04-14,33,%
HR,2024-04-14,31,%
HR,2024-04-14,29,%
HR,2024-04-14,26,%
HR,2024-04-14,27,%
HR,2024-04-14,27,%
HR,2024-04-14,33,%
HR,2024-04-14,45,%
HR,2024-04-14,52,%
HR,2024-04-14,60,%
HR,2024-04-15,64,%
HR,2024-04-15,72,%
HR,2024-04-15,72,%
HR,2024-04-15,77,%
HR,2024-04-15,85,%
HR,2024-04-15,82,%
HR,2024-04-15,82,%
HR,2024-04-15,82,%
HR,2024-04-15,80,%
HR,2024-04-15,76,%
HR,2024-04-15,69,%
HR,2024-04-15,61,%
HR,2024-04-15,55,%
HR,2024-04-15,49,%
HR,2024-04-15,42,%
HR,2024-04-15,39,%
HR,2024-04-15,36,%
HR,2024-04-15,33,%
HR,2024-04-15,31,%
HR,2024-04-15,33,%
HR,2024-04-15,54,%
HR,2024-04-15,62,%
HR,2024-04-15,65,%
HR,2024-04-15,66,%
HR,2024-04-16,69,%
HR,2024-04-16,72,%
HR,2024-04-16,74,%
HR,2024-04-16,75,%
HR,2024-04-16,76,%
HR,2024-04-16,78,%
HR,2024-04-16,80,%
HR,2024-04-16,81,%
HR,2024-04-16,77,%
HR,2024-04-16,72,%
HR,2024-04-16,66,%
HR,2024-04-16,58,%
HR,2024-04-16,48,%
HR,2024-04-16,43,%
HR,2024-04-16,43,%
HR,2024-04-16,38,%
HR,2024-04-16,39,%
HR,2024-04-16,43,%
HR,2024-04-16,46,%
HR,2024-04-16,48,%
HR,2024-04-16,52,%
HR,2024-04-16,55,%
HR,2024-04-16,58,%
HR,2024-04-16,59,%
HR,2024-04-17,61,%
HR,2024-04-17,64,%
HR,2024-04-17,67,%
HR,2024-04-17,70,%
HR,2024-04-17,75,%
HR,2024-04-17,78,%
HR,2024-04-17,82,%
HR,2024-04-17,83,%
HR,2024-04-17,82,%
HR,2024-04-17,81,%
HR,2024-04-17,77,%
HR,2024-04-17,70,%
HR,2024-04-17,62,%
HR,2024-04-17,55,%
HR,2024-04-17,52,%
HR,2024-04-17,51,%
HR,2024-04-17,54,%
HR,2024-04-17,69,%
HR,2024-04-17,69,%
HR,2024-04-17,71,%
HR,2024-04-17,72,%
HR,2024-04-17,75,%
HR,2024-04-19,46,%
HR,2024-04-19,45,%
HR,2024-04-20,52,%
HR,2024-04-20,52,%
HR,2024-04-20,51,%
HR,2024-04-20,53,%
HR,2024-04-20,56,%
HR,2024-04-20,67,%
HR,2024-04-20,68,%
HR,2024-04-20,69,%
HR,2024-04-21,31,%
HR,2024-04-21,83,%
HR,2024-04-21,83,%
HR,2024-04-21,79,%
HR,2024-04-21,78,%
HR,2024-04-21,80,%
HR,2024-04-21,79,%
HR,2024-04-21,83,%
HR,2024-04-21,83,%
HR,2024-04-21,84,%
HR,2024-04-21,83,%
HR,2024-04-21,85,%
HR,2024-04-21,84,%
HR,2024-04-21,79,%
HR,2024-04-21,81,%
HR,2024-04-21,86,%
HR,2024-04-21,88,%
HR,2024-04-21,89,%
HR,2024-04-21,89,%
HR,2024-04-21,90,%
HR,2024-04-21,89,%
HR,2024-04-21,90,%
HR,2024-04-21,89,%
HR,2024-04-22,89,%
HR,2024-04-22,90,%
HR,2024-04-22,90,%
HR,2024-04-22,78,%
HR,2024-04-22,91,%
HR,2024-04-22,86,%
HR,2024-04-22,92,%
HR,2024-04-22,62,%
HR,2024-04-22,90,%
HR,2024-04-22,91,%
HR,2024-04-22,86,%
HR,2024-04-22,78,%
HR,2024-04-22,80,%
HR,2024-04-22,84,%
HR,2024-04-22,89,%
HR,2024-04-22,88,%
HR,2024-04-22,90,%
HR,2024-04-22,72,%
HR,2024-04-22,91,%
HR,2024-04-22,87,%
HR,2024-04-22,92,%
HR,2024-04-23,67,%
HR,2024-04-23,67,%
HR,2024-04-23,72,%
HR,2024-04-23,76,%
HR,2024-04-23,79,%
HR,2024-04-23,80,%
HR,2024-04-23,79,%
HR,2024-04-25,78,%
HR,2024-04-25,79,%
HR,2024-04-25,82,%
HR,2024-04-25,84,%
HR,2024-04-25,84,%
HR,2024-04-25,84,%
HR,2024-04-25,84,%
HR,2024-04-25,85,%
HR,2024-04-25,84,%
HR,2024-04-25,84,%
HR,2024-04-25,80,%
HR,2024-04-25,73,%
HR,2024-04-25,64,%
HR,2024-04-25,61,%
HR,2024-04-25,54,%
HR,2024-04-25,51,%
HR,2024-04-25,49,%
HR,2024-04-25,45,%
HR,2024-04-25,45,%
HR,2024-04-25,48,%
HR,2024-04-25,55,%
HR,2024-04-25,58,%
HR,2024-04-25,60,%
HR,2024-04-25,64,%
HR,2024-04-26,68,%
HR,2024-04-26,70,%
HR,2024-04-26,74,%
HR,2024-04-26,76,%
HR,2024-04-26,78,%
HR,2024-04-26,82,%
HR,2024-04-26,81,%
HR,2024-04-26,83,%
HR,2024-04-26,83,%
HR,2024-04-26,77,%
HR,2024-04-26,73,%
HR,2024-04-26,66,%
HR,2024-04-26,60,%
HR,2024-04-26,56,%
HR,2024-04-26,51,%
HR,2024-04-26,48,%
HR,2024-04-26,42,%
HR,2024-04-26,37,%
HR,2024-04-26,35,%
HR,2024-04-26,37,%
HR,2024-04-26,43,%
HR,2024-04-26,49,%
HR,2024-04-26,62,%
HR,2024-04-26,70,%
HR,2024-04-27,77,%
HR,2024-04-27,81,%
HR,2024-04-27,83,%
HR,2024-04-27,85,%
HR,2024-04-27,85,%
HR,2024-04-27,84,%
HR,2024-04-27,85,%
HR,2024-04-27,85,%
HR,2024-04-27,83,%
HR,2024-04-27,75,%
HR,2024-04-27,68,%
HR,2024-04-27,59,%
HR,2024-04-27,56,%
HR,2024-04-27,47,%
HR,2024-04-27,39,%
HR,2024-04-27,36,%
HR,2024-04-27,36,%
HR,2024-04-27,37,%
HR,2024-04-27,34,%
HR,2024-04-27,33,%
HR,2024-04-27,43,%
HR,2024-04-27,59,%
HR,2024-04-27,66,%
HR,2024-04-27,71,%
HR,2024-04-28,75,%
HR,2024-04-28,76,%
HR,2024-04-28,77,%
HR,2024-04-28,77,%
HR,2024-04-28,77,%
HR,2024-04-28,77,%
HR,2024-04-28,77,%
HR,2024-04-28,79,%
HR,2024-04-28,77,%
HR,2024-04-28,68,%
HR,2024-04-28,63,%
HR,2024-04-28,49,%
HR,2024-04-28,38,%
HR,2024-04-28,32,%
HR,2024-04-28,24,%
HR,2024-04-28,19,%
HR,2024-04-28,17,%
HR,2024-04-28,16,%
HR,2024-04-28,17,%
HR,2024-04-28,19,%
HR,2024-04-28,21,%
HR,2024-04-28,28,%
HR,2024-04-28,36,%
HR,2024-04-28,37,%
HR,2024-04-29,41,%
HR,2024-04-29,43,%
HR,2024-04-29,52,%
HR,2024-04-29,70,%
HR,2024-04-29,70,%
HR,2024-04-29,78,%
HR,2024-04-29,81,%
HR,2024-04-29,84,%
HR,2024-04-29,81,%
HR,2024-04-29,74,%
HR,2024-04-29,69,%
HR,2024-04-29,69,%
HR,2024-04-29,62,%
HR,2024-04-29,51,%
HR,2024-04-29,45,%
HR,2024-04-29,44,%
HR,2024-04-29,41,%
HR,2024-04-29,40,%
HR,2024-04-29,39,%
HR,2024-04-29,42,%
HR,2024-04-29,44,%
HR,2024-04-29,49,%
HR,2024-04-29,53,%
HR,2024-04-29,63,%
HR,2024-04-30,72,%
HR,2024-04-30,71,%
HR,2024-04-30,70,%
HR,2024-04-30,72,%
HR,2024-04-30,76,%
HR,2024-04-30,78,%
HR,2024-04-30,81,%
HR,2024-04-30,81,%
HR,2024-04-30,81,%
HR,2024-04-30,75,%
HR,2024-04-30,72,%
HR,2024-04-30,65,%
HR,2024-04-30,58,%
HR,2024-04-30,53,%
HR,2024-04-30,51,%
HR,2024-04-30,49,%
HR,2024-04-30,46,%
HR,2024-04-30,44,%
HR,2024-04-30,46,%
HR,2024-04-30,49,%
HR,2024-04-30,52,%
HR,2024-04-30,60,%
HR,2024-04-30,64,%
HR,2024-04-30,66,%
HR,2024-05-01,77,%
HR,2024-05-01,79,%
HR,2024-05-01,81,%
HR,2024-05-01,82,%
HR,2024-05-01,82,%
HR,2024-05-01,83,%
HR,2024-05-01,83,%
HR,2024-05-01,83,%
HR,2024-05-01,82,%
HR,2024-05-01,77,%
HR,2024-05-01,73,%
HR,2024-05-01,66,%
HR,2024-05-01,58,%
HR,2024-05-01,52,%
HR,2024-05-01,49,%
HR,2024-05-01,46,%
HR,2024-05-01,44,%
HR,2024-05-01,45,%
HR,2024-05-01,47,%
HR,2024-05-01,56,%
HR,2024-05-01,64,%
HR,2024-05-01,69,%
HR,2024-05-01,72,%
HR,2024-05-02,75,%
HR,2024-05-02,76,%
HR,2024-05-02,76,%
HR,2024-05-02,78,%
HR,2024-05-02,78,%
HR,2024-05-02,77,%
HR,2024-05-02,79,%
HR,2024-05-02,81,%
HR,2024-05-02,81,%
HR,2024-05-02,78,%
HR,2024-05-02,73,%
HR,2024-05-02,64,%
HR,2024-05-02,60,%
HR,2024-05-02,52,%
HR,2024-05-02,48,%
HR,2024-05-02,41,%
HR,2024-05-02,36,%
HR,2024-05-02,35,%
HR,2024-05-02,39,%
HR,2024-05-02,44,%
HR,2024-05-02,50,%
HR,2024-05-02,54,%
HR,2024-05-02,60,%
HR,2024-05-02,74,%
HR,2024-05-03,77,%
HR,2024-05-03,80,%
HR,2024-05-03,81,%
HR,2024-05-03,81,%
HR,2024-05-03,82,%
HR,2024-05-03,83,%
HR,2024-05-03,82,%
HR,2024-05-03,81,%
HR,2024-05-03,78,%
HR,2024-05-03,73,%
HR,2024-05-03,70,%
HR,2024-05-03,72,%
HR,2024-05-03,67,%
HR,2024-05-03,61,%
HR,2024-05-03,55,%
HR,2024-05-03,54,%
HR,2024-05-03,54,%
HR,2024-05-03,54,%
HR,2024-05-03,52,%
HR,2024-05-03,54,%
HR,2024-05-03,58,%
HR,2024-05-03,69,%
HR,2024-05-03,70,%
HR,2024-05-03,71,%
HR,2024-05-04,72,%
HR,2024-05-04,69,%
HR,2024-05-04,71,%
HR,2024-05-04,73,%
HR,2024-05-04,74,%
HR,2024-05-04,76,%
HR,2024-05-04,78,%
HR,2024-05-04,80,%
HR,2024-05-04,85,%
HR,2024-05-04,87,%
HR,2024-05-04,87,%
HR,2024-05-04,86,%
HR,2024-05-04,85,%
HR,2024-05-04,82,%
HR,2024-05-04,71,%
HR,2024-05-04,65,%
HR,2024-05-04,65,%
HR,2024-05-04,62,%
HR,2024-05-04,64,%
HR,2024-05-04,66,%
HR,2024-05-04,71,%
HR,2024-05-04,70,%
HR,2024-05-04,70,%
HR,2024-05-04,73,%
HR,2024-05-05,75,%
HR,2024-05-05,77,%
HR,2024-05-05,78,%
HR,2024-05-05,79,%
HR,2024-05-05,79,%
HR,2024-05-05,81,%
HR,2024-05-05,88,%
HR,2024-05-05,89,%
HR,2024-05-05,89,%
HR,2024-05-05,86,%
HR,2024-05-05,80,%
HR,2024-05-05,75,%
HR,2024-05-05,64,%
HR,2024-05-05,57,%
HR,2024-05-05,51,%
HR,2024-05-05,44,%
HR,2024-05-05,39,%
HR,2024-05-05,39,%
HR,2024-05-05,40,%
HR,2024-05-05,42,%
HR,2024-05-05,42,%
HR,2024-05-05,58,%
HR,2024-05-05,67,%
HR,2024-05-05,71,%
HR,2024-05-06,75,%
HR,2024-05-06,75,%
HR,2024-05-06,77,%
HR,2024-05-06,78,%
HR,2024-05-06,81,%
HR,2024-05-06,82,%
HR,2024-05-06,82,%
HR,2024-05-06,82,%
HR,2024-05-06,82,%
HR,2024-05-06,78,%
HR,2024-05-06,72,%
HR,2024-05-06,64,%
HR,2024-05-06,56,%
HR,2024-05-06,53,%
HR,2024-05-06,48,%
HR,2024-05-06,46,%
HR,2024-05-06,44,%
HR,2024-05-06,41,%
HR,2024-05-06,41,%
HR,2024-05-06,40,%
HR,2024-05-06,42,%
HR,2024-05-06,50,%
HR,2024-05-06,60,%
HR,2024-05-06,68,%
HR,2024-05-07,73,%
HR,2024-05-07,75,%
HR,2024-05-07,78,%
HR,2024-05-07,80,%
HR,2024-05-07,82,%
HR,2024-05-07,83,%
HR,2024-05-07,83,%
HR,2024-05-07,82,%
HR,2024-05-07,80,%
HR,2024-05-07,72,%
HR,2024-05-07,64,%
HR,2024-05-07,55,%
HR,2024-05-07,52,%
HR,2024-05-07,47,%
HR,2024-05-07,40,%
HR,2024-05-07,36,%
HR,2024-05-07,36,%
HR,2024-05-07,36,%
HR,2024-05-07,41,%
HR,2024-05-07,46,%
HR,2024-05-07,53,%
HR,2024-05-07,57,%
HR,2024-05-07,60,%
HR,2024-05-07,65,%
HR,2024-05-08,74,%
HR,2024-05-08,78,%
HR,2024-05-08,80,%
HR,2024-05-08,82,%
HR,2024-05-08,84,%
HR,2024-05-08,83,%
HR,2024-05-08,83,%
HR,2024-05-08,83,%
HR,2024-05-08,81,%
HR,2024-05-08,74,%
HR,2024-05-08,72,%
HR,2024-05-08,65,%
HR,2024-05-08,55,%
HR,2024-05-08,49,%
HR,2024-05-08,40,%
HR,2024-05-08,34,%
HR,2024-05-08,31,%
HR,2024-05-08,33,%
HR,2024-05-08,38,%
HR,2024-05-08,39,%
HR,2024-05-08,39,%
HR,2024-05-08,42,%
HR,2024-05-08,43,%
HR,2024-05-09,48,%
HR,2024-05-09,18,%
HR,2024-05-09,76,%
HR,2024-05-09,77,%
HR,2024-05-09,78,%
HR,2024-05-09,75,%
HR,2024-05-09,72,%
HR,2024-05-09,63,%
HR,2024-05-09,54,%
HR,2024-05-09,38,%
HR,2024-05-09,37,%
HR,2024-05-09,30,%
HR,2024-05-09,23,%
HR,2024-05-09,21,%
HR,2024-05-09,20,%
HR,2024-05-09,21,%
HR,2024-05-09,24,%
HR,2024-05-09,32,%
HR,2024-05-09,38,%
HR,2024-05-09,42,%
HR,2024-05-09,40,%
HR,2024-05-10,38,%
HR,2024-05-10,41,%
HR,2024-05-10,48,%
HR,2024-05-10,56,%
HR,2024-05-10,65,%
HR,2024-05-10,67,%
HR,2024-05-10,69,%
HR,2024-05-10,74,%
HR,2024-05-10,69,%
HR,2024-05-10,61,%
HR,2024-05-10,55,%
HR,2024-05-10,54,%
HR,2024-05-10,52,%
HR,2024-05-10,50,%
HR,2024-05-10,47,%
HR,2024-05-10,46,%
HR,2024-05-10,46,%
HR,2024-05-10,47,%
HR,2024-05-10,47,%
HR,2024-05-10,50,%
HR,2024-05-10,53,%
HR,2024-05-10,56,%
HR,2024-05-10,59,%
HR,2024-05-11,66,%
HR,2024-05-11,69,%
HR,2024-05-11,76,%
HR,2024-05-11,80,%
HR,2024-05-11,85,%
HR,2024-05-11,85,%
HR,2024-05-11,84,%
HR,2024-05-11,84,%
HR,2024-05-11,85,%
HR,2024-05-11,83,%
HR,2024-05-11,81,%
HR,2024-05-11,76,%
HR,2024-05-11,77,%
HR,2024-05-11,85,%
HR,2024-05-11,83,%
HR,2024-05-11,78,%
HR,2024-05-11,77,%
HR,2024-05-11,76,%
HR,2024-05-11,72,%
HR,2024-05-11,71,%
HR,2024-05-11,75,%
HR,2024-05-11,75,%
HR,2024-05-11,74,%
HR,2024-05-11,71,%
HR,2024-05-12,78,%
HR,2024-05-12,79,%
HR,2024-05-12,80,%
HR,2024-05-12,82,%
HR,2024-05-12,82,%
HR,2024-05-12,84,%
HR,2024-05-12,83,%
HR,2024-05-12,83,%
HR,2024-05-12,83,%
HR,2024-05-12,77,%
HR,2024-05-12,74,%
HR,2024-05-12,64,%
HR,2024-05-12,61,%
HR,2024-05-12,58,%
HR,2024-05-12,56,%
HR,2024-05-12,52,%
HR,2024-05-12,53,%
HR,2024-05-12,54,%
HR,2024-05-12,53,%
HR,2024-05-12,57,%
HR,2024-05-12,56,%
HR,2024-05-12,61,%
HR,2024-05-12,69,%
HR,2024-05-12,74,%
HR,2024-05-13,78,%
HR,2024-05-13,80,%
HR,2024-05-13,80,%
HR,2024-05-13,80,%
HR,2024-05-13,82,%
HR,2024-05-13,83,%
HR,2024-05-13,85,%
HR,2024-05-13,86,%
HR,2024-05-13,83,%
HR,2024-05-13,83,%
HR,2024-05-13,74,%
HR,2024-05-13,64,%
HR,2024-05-13,54,%
HR,2024-05-13,46,%
HR,2024-05-13,36,%
HR,2024-05-13,29,%
HR,2024-05-13,26,%
HR,2024-05-13,27,%
HR,2024-05-13,25,%
HR,2024-05-13,27,%
HR,2024-05-13,48,%
HR,2024-05-13,49,%
HR,2024-05-13,48,%
HR,2024-05-13,60,%
HR,2024-05-14,66,%
HR,2024-05-14,67,%
HR,2024-05-14,67,%
HR,2024-05-14,70,%
HR,2024-05-14,73,%
HR,2024-05-14,73,%
HR,2024-05-14,75,%
HR,2024-05-14,78,%
HR,2024-05-14,71,%
HR,2024-05-14,60,%
HR,2024-05-14,48,%
HR,2024-05-14,44,%
HR,2024-05-14,42,%
HR,2024-05-14,40,%
HR,2024-05-14,37,%
HR,2024-05-14,28,%
HR,2024-05-14,29,%
HR,2024-05-14,31,%
HR,2024-05-14,42,%
HR,2024-05-14,53,%
HR,2024-05-14,57,%
HR,2024-05-15,58,%
HR,2024-05-15,61,%
HR,2024-05-15,68,%
HR,2024-05-15,75,%
HR,2024-05-15,79,%
HR,2024-05-15,82,%
HR,2024-05-15,83,%
HR,2024-05-15,83,%
HR,2024-05-15,79,%
HR,2024-05-15,76,%
HR,2024-05-15,72,%
HR,2024-05-15,70,%
HR,2024-05-15,63,%
HR,2024-05-15,55,%
HR,2024-05-15,49,%
HR,2024-05-15,44,%
HR,2024-05-15,41,%
HR,2024-05-15,40,%
HR,2024-05-15,42,%
HR,2024-05-15,42,%
HR,2024-05-15,46,%
HR,2024-05-15,54,%
HR,2024-05-15,65,%
HR,2024-05-15,70,%
HR,2024-05-16,72,%
HR,2024-05-16,74,%
HR,2024-05-16,73,%
HR,2024-05-16,73,%
HR,2024-05-16,75,%
HR,2024-05-16,76,%
HR,2024-05-16,76,%
HR,2024-05-16,77,%
HR,2024-05-16,43,%
HR,2024-05-16,40,%
HR,2024-05-16,38,%
HR,2024-05-16,33,%
HR,2024-05-16,29,%
HR,2024-05-16,30,%
HR,2024-05-16,33,%
HR,2024-05-16,36,%
HR,2024-05-16,38,%
HR,2024-05-16,49,%
HR,2024-05-17,66,%
HR,2024-05-17,69,%
HR,2024-05-17,74,%
HR,2024-05-17,74,%
HR,2024-05-17,74,%
HR,2024-05-17,75,%
HR,2024-05-17,81,%
HR,2024-05-17,74,%
HR,2024-05-17,66,%
HR,2024-05-17,63,%
HR,2024-05-17,61,%
HR,2024-05-17,56,%
HR,2024-05-17,51,%
HR,2024-05-17,52,%
HR,2024-05-17,54,%
HR,2024-05-17,54,%
HR,2024-05-17,55,%
HR,2024-05-17,56,%
HR,2024-05-17,56,%
HR,2024-05-17,59,%
HR,2024-05-17,63,%
HR,2024-05-17,64,%
HR,2024-05-17,67,%
HR,2024-05-18,68,%
HR,2024-05-18,69,%
HR,2024-05-18,71,%
HR,2024-05-18,73,%
HR,2024-05-18,74,%
HR,2024-05-18,76,%
HR,2024-05-18,78,%
HR,2024-05-18,78,%
HR,2024-05-18,73,%
HR,2024-05-18,65,%
HR,2024-05-18,59,%
HR,2024-05-18,49,%
HR,2024-05-18,43,%
HR,2024-05-18,38,%
HR,2024-05-18,32,%
HR,2024-05-18,25,%
HR,2024-05-18,23,%
HR,2024-05-18,22,%
HR,2024-05-18,29,%
HR,2024-05-18,31,%
HR,2024-05-18,34,%
HR,2024-05-18,38,%
HR,2024-05-18,41,%
HR,2024-05-18,46,%
HR,2024-05-19,51,%
HR,2024-05-19,67,%
HR,2024-05-19,71,%
HR,2024-05-19,74,%
HR,2024-05-19,76,%
HR,2024-05-19,77,%
HR,2024-05-19,80,%
HR,2024-05-19,82,%
HR,2024-05-19,77,%
HR,2024-05-19,69,%
HR,2024-05-19,63,%
HR,2024-05-19,54,%
HR,2024-05-19,42,%
HR,2024-05-19,31,%
HR,2024-05-19,26,%
HR,2024-05-19,22,%
HR,2024-05-19,20,%
HR,2024-05-19,20,%
HR,2024-05-19,19,%
HR,2024-05-19,21,%
HR,2024-05-19,25,%
HR,2024-05-19,28,%
HR,2024-05-19,35,%
HR,2024-05-19,54,%
HR,2024-05-20,60,%
HR,2024-05-20,65,%
HR,2024-05-20,71,%
HR,2024-05-20,74,%
HR,2024-05-20,76,%
HR,2024-05-20,77,%
HR,2024-05-20,76,%
HR,2024-05-20,77,%
HR,2024-05-20,77,%
HR,2024-05-20,71,%
HR,2024-05-20,62,%
HR,2024-05-20,56,%
HR,2024-05-20,50,%
HR,2024-05-20,46,%
HR,2024-05-20,41,%
HR,2024-05-20,35,%
HR,2024-05-20,31,%
HR,2024-05-20,28,%
HR,2024-05-20,27,%
HR,2024-05-20,27,%
HR,2024-05-20,33,%
HR,2024-05-20,46,%
HR,2024-05-20,55,%
HR,2024-05-20,61,%
HR,2024-05-21,66,%
HR,2024-05-21,71,%
HR,2024-05-21,76,%
HR,2024-05-21,76,%
HR,2024-05-21,77,%
HR,2024-05-21,79,%
HR,2024-05-21,80,%
HR,2024-05-21,79,%
HR,2024-05-21,78,%
HR,2024-05-21,72,%
HR,2024-05-21,66,%
HR,2024-05-21,60,%
HR,2024-05-21,53,%
HR,2024-05-21,48,%
HR,2024-05-21,44,%
HR,2024-05-21,40,%
HR,2024-05-21,35,%
HR,2024-05-21,33,%
HR,2024-05-21,37,%
HR,2024-05-21,37,%
HR,2024-05-21,43,%
HR,2024-05-21,53,%
HR,2024-05-21,57,%
HR,2024-05-21,59,%
HR,2024-05-22,61,%
HR,2024-05-22,63,%
HR,2024-05-22,66,%
HR,2024-05-22,67,%
HR,2024-05-22,67,%
HR,2024-05-22,70,%
HR,2024-05-22,72,%
HR,2024-05-22,73,%
HR,2024-05-22,70,%
HR,2024-05-22,67,%
HR,2024-05-22,63,%
HR,2024-05-22,55,%
HR,2024-05-22,49,%
HR,2024-05-22,40,%
HR,2024-05-22,34,%
HR,2024-05-22,30,%
HR,2024-05-22,27,%
HR,2024-05-22,23,%
HR,2024-05-22,20,%
HR,2024-05-22,21,%
HR,2024-05-22,37,%
HR,2024-05-22,46,%
HR,2024-05-22,50,%
HR,2024-05-22,50,%
HR,2024-05-23,53,%
HR,2024-05-23,53,%
HR,2024-05-23,55,%
HR,2024-05-23,55,%
HR,2024-05-23,58,%
HR,2024-05-23,62,%
HR,2024-05-23,64,%
HR,2024-05-23,67,%
HR,2024-05-23,64,%
HR,2024-05-23,61,%
HR,2024-05-23,3,%
HR,2024-05-23,47,%
HR,2024-05-23,41,%
HR,2024-05-23,33,%
HR,2024-05-23,21,%
HR,2024-05-23,26,%
HR,2024-05-23,25,%
HR,2024-05-23,25,%
HR,2024-05-23,26,%
HR,2024-05-23,29,%
HR,2024-05-23,39,%
HR,2024-05-23,49,%
HR,2024-05-23,55,%
HR,2024-05-24,58,%
HR,2024-05-24,61,%
HR,2024-05-24,65,%
HR,2024-05-24,66,%
HR,2024-05-24,71,%
HR,2024-05-24,76,%
HR,2024-05-24,78,%
HR,2024-05-24,78,%
HR,2024-05-24,73,%
HR,2024-05-24,64,%
HR,2024-05-24,56,%
HR,2024-05-24,45,%
HR,2024-05-24,40,%
HR,2024-05-24,34,%
HR,2024-05-24,25,%
HR,2024-05-24,20,%
HR,2024-05-24,19,%
HR,2024-05-24,20,%
HR,2024-05-24,21,%
HR,2024-05-24,21,%
HR,2024-05-24,22,%
HR,2024-05-24,43,%
HR,2024-05-24,52,%
HR,2024-05-24,56,%
HR,2024-05-25,60,%
HR,2024-05-25,64,%
HR,2024-05-25,69,%
HR,2024-05-25,72,%
HR,2024-05-25,74,%
HR,2024-05-25,74,%
HR,2024-05-25,78,%
HR,2024-05-25,79,%
HR,2024-05-25,75,%
HR,2024-05-25,66,%
HR,2024-05-25,58,%
HR,2024-05-25,53,%
HR,2024-05-25,47,%
HR,2024-05-25,41,%
HR,2024-05-25,36,%
HR,2024-05-25,32,%
HR,2024-05-25,31,%
HR,2024-05-25,28,%
HR,2024-05-25,29,%
HR,2024-05-25,34,%
HR,2024-05-25,36,%
HR,2024-05-25,52,%
HR,2024-05-25,56,%
HR,2024-05-25,59,%
HR,2024-05-26,61,%
HR,2024-05-26,64,%
HR,2024-05-26,67,%
HR,2024-05-26,70,%
HR,2024-05-26,73,%
HR,2024-05-26,76,%
HR,2024-05-26,77,%
HR,2024-05-26,77,%
HR,2024-05-26,72,%
HR,2024-05-26,66,%
HR,2024-05-26,57,%
HR,2024-05-26,50,%
HR,2024-05-26,43,%
HR,2024-05-26,35,%
HR,2024-05-26,30,%
HR,2024-05-26,27,%
HR,2024-05-26,27,%
HR,2024-05-26,27,%
HR,2024-05-26,29,%
HR,2024-05-26,30,%
HR,2024-05-26,57,%
HR,2024-05-26,63,%
HR,2024-05-26,59,%
HR,2024-05-26,60,%
HR,2024-05-27,62,%
HR,2024-05-27,66,%
HR,2024-05-27,67,%
HR,2024-05-27,70,%
HR,2024-05-27,74,%
HR,2024-05-27,76,%
HR,2024-05-27,77,%
HR,2024-05-27,78,%
HR,2024-05-27,74,%
HR,2024-05-27,68,%
HR,2024-05-27,62,%
HR,2024-05-27,56,%
HR,2024-05-27,48,%
HR,2024-05-27,49,%
HR,2024-05-27,48,%
HR,2024-05-27,49,%
HR,2024-05-27,48,%
HR,2024-05-27,13,%
HR,2024-05-27,42,%
HR,2024-05-27,47,%
HR,2024-05-27,48,%
HR,2024-05-27,54,%
HR,2024-05-27,55,%
HR,2024-05-28,58,%
HR,2024-05-28,70,%
HR,2024-05-28,72,%
HR,2024-05-28,76,%
HR,2024-05-28,77,%
HR,2024-05-28,82,%
HR,2024-05-28,82,%
HR,2024-05-28,77,%
HR,2024-05-28,74,%
HR,2024-06-01,75,%
HR,2024-06-01,76,%
HR,2024-06-01,80,%
HR,2024-06-01,82,%
HR,2024-06-01,84,%
HR,2024-06-01,85,%
HR,2024-06-01,83,%
HR,2024-06-01,79,%
HR,2024-06-01,76,%
HR,2024-06-01,71,%
HR,2024-06-01,63,%
HR,2024-06-01,59,%
HR,2024-06-01,54,%
HR,2024-06-01,48,%
HR,2024-06-01,45,%
HR,2024-06-01,42,%
HR,2024-06-01,42,%
HR,2024-06-01,41,%
HR,2024-06-01,41,%
HR,2024-06-01,46,%
HR,2024-06-01,54,%
HR,2024-06-01,60,%
HR,2024-06-01,64,%
HR,2024-06-02,69,%
HR,2024-06-02,69,%
HR,2024-06-02,73,%
HR,2024-06-02,77,%
HR,2024-06-02,78,%
HR,2024-06-02,79,%
HR,2024-06-02,80,%
HR,2024-06-02,79,%
HR,2024-06-02,78,%
HR,2024-06-02,76,%
HR,2024-06-02,71,%
HR,2024-06-02,63,%
HR,2024-06-02,59,%
HR,2024-06-02,53,%
HR,2024-06-02,48,%
HR,2024-06-02,45,%
HR,2024-06-02,43,%
HR,2024-06-02,44,%
HR,2024-06-02,40,%
HR,2024-06-02,42,%
HR,2024-06-02,44,%
HR,2024-06-02,44,%
HR,2024-06-02,51,%
HR,2024-06-02,57,%
HR,2024-06-03,65,%
HR,2024-06-03,69,%
HR,2024-06-03,70,%
HR,2024-06-03,76,%
HR,2024-06-03,76,%
HR,2024-06-03,76,%
HR,2024-06-03,75,%
HR,2024-06-03,74,%
HR,2024-06-03,66,%
HR,2024-06-03,62,%
HR,2024-06-03,57,%
HR,2024-06-03,51,%
HR,2024-06-03,47,%
HR,2024-06-03,40,%
HR,2024-06-03,42,%
HR,2024-06-03,44,%
HR,2024-06-03,47,%
HR,2024-06-03,49,%
HR,2024-06-03,47,%
HR,2024-06-03,47,%
HR,2024-06-03,44,%
HR,2024-06-03,42,%
HR,2024-06-03,48,%
HR,2024-06-03,54,%
HR,2024-06-04,60,%
HR,2024-06-04,65,%
HR,2024-06-04,68,%
HR,2024-06-04,74,%
HR,2024-06-04,73,%
HR,2024-06-04,75,%
HR,2024-06-04,77,%
HR,2024-06-04,79,%
HR,2024-06-04,72,%
HR,2024-06-04,65,%
HR,2024-06-04,61,%
HR,2024-06-04,53,%
HR,2024-06-04,49,%
HR,2024-06-04,47,%
HR,2024-06-04,46,%
HR,2024-06-04,48,%
HR,2024-06-04,60,%
HR,2024-06-04,66,%
HR,2024-06-04,53,%
HR,2024-06-04,28,%
HR,2024-06-04,22,%
HR,2024-06-04,24,%
HR,2024-06-04,25,%
HR,2024-06-04,24,%
HR,2024-06-05,23,%
HR,2024-06-05,32,%
HR,2024-06-05,36,%
HR,2024-06-05,35,%
HR,2024-06-05,40,%
HR,2024-06-05,43,%
HR,2024-06-05,46,%
HR,2024-06-05,49,%
HR,2024-06-05,52,%
HR,2024-06-05,57,%
HR,2024-06-05,51,%
HR,2024-06-05,43,%
HR,2024-06-05,35,%
HR,2024-06-05,34,%
HR,2024-06-05,34,%
HR,2024-06-05,30,%
HR,2024-06-05,28,%
HR,2024-06-05,27,%
HR,2024-06-05,25,%
HR,2024-06-05,28,%
HR,2024-06-05,35,%
HR,2024-06-05,53,%
HR,2024-06-05,53,%
HR,2024-06-05,58,%
HR,2024-06-06,70,%
HR,2024-06-06,73,%
HR,2024-06-06,74,%
HR,2024-06-06,75,%
HR,2024-06-06,76,%
HR,2024-06-06,77,%
HR,2024-06-06,79,%
HR,2024-06-06,77,%
HR,2024-06-06,75,%
HR,2024-06-06,73,%
HR,2024-06-06,68,%
HR,2024-06-06,62,%
HR,2024-06-06,57,%
HR,2024-06-06,51,%
HR,2024-06-06,50,%
HR,2024-06-06,48,%
HR,2024-06-06,46,%
HR,2024-06-06,43,%
HR,2024-06-06,43,%
HR,2024-06-06,45,%
HR,2024-06-06,53,%
HR,2024-06-06,59,%
HR,2024-06-07,49,%
HR,2024-06-07,71,%
HR,2024-06-07,61,%
HR,2024-06-07,67,%
HR,2024-06-07,67,%
HR,2024-06-07,72,%
HR,2024-06-07,71,%
HR,2024-06-07,74,%
HR,2024-06-07,68,%
HR,2024-06-07,57,%
HR,2024-06-07,62,%
HR,2024-06-07,59,%
HR,2024-06-07,57,%
HR,2024-06-07,52,%
HR,2024-06-07,47,%
HR,2024-06-07,44,%
HR,2024-06-07,41,%
HR,2024-06-07,42,%
HR,2024-06-07,43,%
HR,2024-06-07,45,%
HR,2024-06-07,47,%
HR,2024-06-07,54,%
HR,2024-06-07,54,%
HR,2024-06-07,57,%
HR,2024-06-08,56,%
HR,2024-06-08,57,%
HR,2024-06-08,59,%
HR,2024-06-08,62,%
HR,2024-06-08,68,%
HR,2024-06-08,73,%
HR,2024-06-08,76,%
HR,2024-06-08,76,%
HR,2024-06-08,75,%
HR,2024-06-08,74,%
HR,2024-06-08,70,%
HR,2024-06-08,63,%
HR,2024-06-08,57,%
HR,2024-06-08,51,%
HR,2024-06-08,46,%
HR,2024-06-08,45,%
HR,2024-06-08,50,%
HR,2024-06-08,51,%
HR,2024-06-08,46,%
HR,2024-06-08,48,%
HR,2024-06-08,52,%
HR,2024-06-08,55,%
HR,2024-06-08,57,%
HR,2024-06-08,61,%
HR,2024-06-09,66,%
HR,2024-06-09,63,%
HR,2024-06-09,69,%
HR,2024-06-09,67,%
HR,2024-06-09,68,%
HR,2024-06-09,73,%
HR,2024-06-09,77,%
HR,2024-06-09,75,%
HR,2024-06-09,65,%
HR,2024-06-09,62,%
HR,2024-06-09,55,%
HR,2024-06-09,54,%
HR,2024-06-09,49,%
HR,2024-06-09,46,%
HR,2024-06-09,43,%
HR,2024-06-09,40,%
HR,2024-06-09,39,%
HR,2024-06-09,39,%
HR,2024-06-09,37,%
HR,2024-06-09,47,%
HR,2024-06-09,51,%
HR,2024-06-09,60,%
HR,2024-06-09,61,%
HR,2024-06-09,59,%
HR,2024-06-10,63,%
HR,2024-06-10,67,%
HR,2024-06-10,67,%
HR,2024-06-10,70,%
HR,2024-06-10,73,%
HR,2024-06-10,78,%
HR,2024-06-10,80,%
HR,2024-06-10,80,%
HR,2024-06-10,76,%
HR,2024-06-10,69,%
HR,2024-06-10,67,%
HR,2024-06-10,60,%
HR,2024-06-10,58,%
HR,2024-06-10,57,%
HR,2024-06-10,54,%
HR,2024-06-10,51,%
HR,2024-06-10,44,%
HR,2024-06-10,42,%
HR,2024-06-10,43,%
HR,2024-06-10,44,%
HR,2024-06-10,54,%
HR,2024-06-10,60,%
HR,2024-06-10,63,%
HR,2024-06-10,64,%
HR,2024-06-11,65,%
HR,2024-06-11,68,%
HR,2024-06-11,73,%
HR,2024-06-11,77,%
HR,2024-06-11,79,%
HR,2024-06-11,80,%
HR,2024-06-11,81,%
HR,2024-06-11,79,%
HR,2024-06-11,71,%
HR,2024-06-11,65,%
HR,2024-06-11,57,%
HR,2024-06-11,50,%
HR,2024-06-11,43,%
HR,2024-06-11,38,%
HR,2024-06-11,35,%
HR,2024-06-11,33,%
HR,2024-06-11,8,%
HR,2024-06-11,23,%
HR,2024-06-11,25,%
HR,2024-06-11,24,%
HR,2024-06-11,36,%
HR,2024-06-11,52,%
HR,2024-06-11,59,%
HR,2024-06-12,64,%
HR,2024-06-12,64,%
HR,2024-06-12,63,%
HR,2024-06-12,66,%
HR,2024-06-12,69,%
HR,2024-06-12,72,%
HR,2024-06-12,74,%
HR,2024-06-12,74,%
HR,2024-06-12,71,%
HR,2024-06-12,64,%
HR,2024-06-12,58,%
HR,2024-06-12,55,%
HR,2024-06-12,52,%
HR,2024-06-12,47,%
HR,2024-06-12,41,%
HR,2024-06-12,34,%
HR,2024-06-12,31,%
HR,2024-06-12,28,%
HR,2024-06-12,28,%
HR,2024-06-12,27,%
HR,2024-06-12,28,%
HR,2024-06-12,33,%
HR,2024-06-12,41,%
HR,2024-06-12,44,%
HR,2024-06-13,47,%
HR,2024-06-13,50,%
HR,2024-06-13,54,%
HR,2024-06-13,56,%
HR,2024-06-13,60,%
HR,2024-06-13,65,%
HR,2024-06-13,70,%
HR,2024-06-13,70,%
HR,2024-06-13,70,%
HR,2024-06-13,65,%
HR,2024-06-13,61,%
HR,2024-06-13,55,%
HR,2024-06-13,49,%
HR,2024-06-13,40,%
HR,2024-06-13,35,%
HR,2024-06-13,32,%
HR,2024-06-13,29,%
HR,2024-06-13,28,%
HR,2024-06-13,27,%
HR,2024-06-13,28,%
HR,2024-06-13,30,%
HR,2024-06-13,36,%
HR,2024-06-13,47,%
HR,2024-06-13,52,%
HR,2024-06-14,54,%
HR,2024-06-14,53,%
HR,2024-06-14,60,%
HR,2024-06-14,66,%
HR,2024-06-14,68,%
HR,2024-06-14,72,%
HR,2024-06-14,73,%
HR,2024-06-14,71,%
HR,2024-06-14,68,%
HR,2024-06-14,63,%
HR,2024-06-14,58,%
HR,2024-06-14,54,%
HR,2024-06-14,48,%
HR,2024-06-14,42,%
HR,2024-06-14,36,%
HR,2024-06-14,32,%
HR,2024-06-14,30,%
HR,2024-06-14,29,%
HR,2024-06-14,29,%
HR,2024-06-14,30,%
HR,2024-06-14,32,%
HR,2024-06-14,43,%
HR,2024-06-14,52,%
HR,2024-06-14,55,%
HR,2024-06-15,56,%
HR,2024-06-15,57,%
HR,2024-06-15,64,%
HR,2024-06-15,68,%
HR,2024-06-15,69,%
HR,2024-06-15,71,%
HR,2024-06-15,72,%
HR,2024-06-15,71,%
HR,2024-06-15,68,%
HR,2024-06-15,65,%
HR,2024-06-15,61,%
HR,2024-06-15,57,%
HR,2024-06-15,48,%
HR,2024-06-15,39,%
HR,2024-06-15,35,%
HR,2024-06-15,31,%
HR,2024-06-15,28,%
HR,2024-06-15,26,%
HR,2024-06-15,26,%
HR,2024-06-15,27,%
HR,2024-06-15,30,%
HR,2024-06-15,36,%
HR,2024-06-15,49,%
HR,2024-06-15,56,%
HR,2024-06-16,60,%
HR,2024-06-16,65,%
HR,2024-06-16,66,%
HR,2024-06-16,70,%
HR,2024-06-16,71,%
HR,2024-06-16,70,%
HR,2024-06-16,72,%
HR,2024-06-16,74,%
HR,2024-06-16,71,%
HR,2024-06-16,68,%
HR,2024-06-16,63,%
HR,2024-06-16,57,%
HR,2024-06-16,47,%
HR,2024-06-16,39,%
HR,2024-06-16,33,%
HR,2024-06-16,29,%
HR,2024-06-16,26,%
HR,2024-06-16,24,%
HR,2024-06-16,22,%
HR,2024-06-16,23,%
HR,2024-06-16,24,%
HR,2024-06-16,38,%
HR,2024-06-16,47,%
HR,2024-06-16,55,%
HR,2024-06-17,60,%
HR,2024-06-17,64,%
HR,2024-06-17,68,%
HR,2024-06-17,70,%
HR,2024-06-17,70,%
HR,2024-06-17,72,%
HR,2024-06-17,73,%
HR,2024-06-17,75,%
HR,2024-06-17,73,%
HR,2024-06-17,68,%
HR,2024-06-17,61,%
HR,2024-06-17,54,%
HR,2024-06-17,48,%
HR,2024-06-17,42,%
HR,2024-06-17,37,%
HR,2024-06-17,32,%
HR,2024-06-17,29,%
HR,2024-06-17,27,%
HR,2024-06-17,27,%
HR,2024-06-17,28,%
HR,2024-06-17,54,%
HR,2024-06-17,59,%
HR,2024-06-18,65,%
HR,2024-06-18,69,%
HR,2024-06-18,71,%
HR,2024-06-18,71,%
HR,2024-06-18,71,%
HR,2024-06-18,72,%
HR,2024-06-18,76,%
HR,2024-06-18,77,%
HR,2024-06-18,78,%
HR,2024-06-18,76,%
HR,2024-06-18,73,%
HR,2024-06-18,65,%
HR,2024-06-18,58,%
HR,2024-06-18,50,%
HR,2024-06-18,43,%
HR,2024-06-18,36,%
HR,2024-06-18,34,%
HR,2024-06-18,33,%
HR,2024-06-18,33,%
HR,2024-06-18,37,%
HR,2024-06-18,52,%
HR,2024-06-18,61,%
HR,2024-06-19,64,%
HR,2024-06-19,66,%
HR,2024-06-19,68,%
HR,2024-06-19,71,%
HR,2024-06-19,72,%
HR,2024-06-19,71,%
HR,2024-06-19,72,%
HR,2024-06-19,73,%
HR,2024-06-19,69,%
HR,2024-06-19,64,%
HR,2024-06-19,56,%
HR,2024-06-19,53,%
HR,2024-06-19,63,%
HR,2024-06-19,70,%
HR,2024-06-19,64,%
HR,2024-06-19,82,%
HR,2024-06-19,88,%
HR,2024-06-19,88,%
HR,2024-06-19,90,%
HR,2024-06-19,92,%
HR,2024-06-19,92,%
HR,2024-06-20,91,%
HR,2024-06-20,93,%
HR,2024-06-21,87,%
HR,2024-06-21,82,%
HR,2024-06-21,79,%
HR,2024-06-21,85,%
HR,2024-06-21,83,%
HR,2024-06-21,82,%
HR,2024-06-21,67,%
HR,2024-06-21,79,%
HR,2024-06-21,84,%
HR,2024-06-21,82,%
HR,2024-06-21,81,%
HR,2024-06-21,86,%
HR,2024-06-21,88,%
HR,2024-06-21,88,%
HR,2024-06-21,90,%
HR,2024-06-22,89,%
HR,2024-06-22,90,%
HR,2024-06-22,90,%
HR,2024-06-22,91,%
HR,2024-06-22,91,%
HR,2024-06-22,91,%
HR,2024-06-22,91,%
HR,2024-06-22,90,%
HR,2024-06-22,89,%
HR,2024-06-22,88,%
HR,2024-06-22,85,%
HR,2024-06-22,78,%
HR,2024-06-22,78,%
HR,2024-06-22,84,%
HR,2024-06-22,89,%
HR,2024-06-22,85,%
HR,2024-06-22,82,%
HR,2024-06-22,77,%
HR,2024-06-22,84,%
HR,2024-06-22,89,%
HR,2024-06-22,89,%
HR,2024-06-22,89,%
HR,2024-06-22,89,%
HR,2024-06-22,89,%
HR,2024-06-23,88,%
HR,2024-06-23,88,%
HR,2024-06-23,89,%
HR,2024-06-23,89,%
HR,2024-06-23,88,%
HR,2024-06-23,86,%
HR,2024-06-23,87,%
HR,2024-06-23,87,%
HR,2024-06-23,85,%
HR,2024-06-23,89,%
HR,2024-06-23,84,%
HR,2024-06-23,86,%
HR,2024-06-23,86,%
HR,2024-06-23,77,%
HR,2024-06-23,71,%
HR,2024-06-23,68,%
HR,2024-06-23,67,%
HR,2024-06-23,69,%
HR,2024-06-23,82,%
HR,2024-06-23,86,%
HR,2024-06-23,87,%
HR,2024-06-23,87,%
HR,2024-06-23,88,%
HR,2024-06-23,90,%
HR,2024-06-24,90,%
HR,2024-06-24,90,%
HR,2024-06-24,90,%
HR,2024-06-24,90,%
HR,2024-06-24,91,%
HR,2024-06-24,91,%
HR,2024-06-24,91,%
HR,2024-06-24,90,%
HR,2024-06-24,86,%
HR,2024-06-24,89,%
HR,2024-06-24,87,%
HR,2024-06-24,86,%
HR,2024-06-24,81,%
HR,2024-06-24,72,%
HR,2024-06-24,65,%
HR,2024-06-24,63,%
HR,2024-06-24,60,%
HR,2024-06-24,59,%
HR,2024-06-24,59,%
HR,2024-06-24,60,%
HR,2024-06-24,67,%
HR,2024-06-24,75,%
HR,2024-06-24,79,%
HR,2024-06-24,81,%
HR,2024-06-25,83,%
HR,2024-06-25,85,%
HR,2024-06-25,86,%
HR,2024-06-25,86,%
HR,2024-06-25,86,%
HR,2024-06-25,88,%
HR,2024-06-25,87,%
HR,2024-06-25,85,%
HR,2024-06-25,85,%
HR,2024-06-25,81,%
HR,2024-06-25,73,%
HR,2024-06-25,67,%
HR,2024-06-25,63,%
HR,2024-06-25,59,%
HR,2024-06-25,54,%
HR,2024-06-25,51,%
HR,2024-06-25,50,%
HR,2024-06-25,48,%
HR,2024-06-25,47,%
HR,2024-06-25,49,%
HR,2024-06-25,55,%
HR,2024-06-25,61,%
HR,2024-06-25,71,%
HR,2024-06-25,75,%
HR,2024-06-26,78,%
HR,2024-06-26,80,%
HR,2024-06-26,80,%
HR,2024-06-26,80,%
HR,2024-06-26,82,%
HR,2024-06-26,83,%
HR,2024-06-26,83,%
HR,2024-06-26,84,%
HR,2024-06-26,82,%
HR,2024-06-26,79,%
HR,2024-06-26,69,%
HR,2024-06-26,62,%
HR,2024-06-26,57,%
HR,2024-06-26,55,%
HR,2024-06-26,54,%
HR,2024-06-26,51,%
HR,2024-06-26,48,%
HR,2024-06-26,48,%
HR,2024-06-26,48,%
HR,2024-06-26,49,%
HR,2024-06-26,54,%
HR,2024-06-26,63,%
HR,2024-06-26,70,%
HR,2024-06-26,72,%
HR,2024-06-27,76,%
HR,2024-06-27,78,%
HR,2024-06-27,80,%
HR,2024-06-27,79,%
HR,2024-06-27,81,%
HR,2024-06-27,82,%
HR,2024-06-27,83,%
HR,2024-06-27,84,%
HR,2024-06-27,80,%
HR,2024-06-27,72,%
HR,2024-06-27,68,%
HR,2024-06-27,62,%
HR,2024-06-27,59,%
HR,2024-06-27,57,%
HR,2024-06-27,54,%
HR,2024-06-27,53,%
HR,2024-06-27,52,%
HR,2024-06-27,44,%
HR,2024-06-27,46,%
HR,2024-06-27,45,%
HR,2024-06-27,49,%
HR,2024-06-27,53,%
HR,2024-06-27,62,%
HR,2024-06-27,73,%
HR,2024-06-28,75,%
HR,2024-06-28,76,%
HR,2024-06-28,77,%
HR,2024-06-28,79,%
HR,2024-06-28,83,%
HR,2024-06-28,84,%
HR,2024-06-28,84,%
HR,2024-06-28,86,%
HR,2024-06-28,85,%
HR,2024-06-28,79,%
HR,2024-06-28,71,%
HR,2024-06-28,63,%
HR,2024-06-28,61,%
HR,2024-06-28,55,%
HR,2024-06-28,53,%
HR,2024-06-28,50,%
HR,2024-06-28,46,%
HR,2024-06-28,44,%
HR,2024-06-28,44,%
HR,2024-06-28,45,%
HR,2024-06-28,49,%
HR,2024-06-28,59,%
HR,2024-06-28,69,%
HR,2024-06-28,73,%
HR,2024-06-29,74,%
HR,2024-06-29,71,%
HR,2024-06-29,74,%
HR,2024-06-29,73,%
HR,2024-06-29,77,%
HR,2024-06-29,79,%
HR,2024-06-29,79,%
HR,2024-06-29,78,%
HR,2024-06-29,73,%
HR,2024-06-29,67,%
HR,2024-06-29,60,%
HR,2024-06-29,54,%
HR,2024-06-29,48,%
HR,2024-06-29,45,%
HR,2024-06-29,42,%
HR,2024-06-29,36,%
HR,2024-06-29,37,%
HR,2024-06-29,40,%
HR,2024-06-29,44,%
HR,2024-06-29,51,%
HR,2024-06-29,55,%
HR,2024-06-29,60,%
HR,2024-06-29,66,%
HR,2024-06-29,70,%
HR,2024-06-30,73,%
HR,2024-06-30,77,%
HR,2024-06-30,80,%
HR,2024-06-30,83,%
HR,2024-06-30,86,%
HR,2024-06-30,86,%
HR,2024-06-30,87,%
HR,2024-06-30,85,%
HR,2024-06-30,84,%
HR,2024-06-30,83,%
HR,2024-06-30,83,%
HR,2024-06-30,86,%
HR,2024-06-30,84,%
HR,2024-06-30,84,%
HR,2024-06-30,88,%
HR,2024-06-30,88,%
HR,2024-06-30,89,%
HR,2024-06-30,85,%
HR,2024-06-30,82,%
HR,2024-06-30,84,%
HR,2024-06-30,86,%
HR,2024-06-30,88,%
HR,2024-06-30,90,%
HR,2024-06-30,90,%
HR,2024-07-01,90,%
HR,2024-07-01,90,%
HR,2024-07-01,91,%
HR,2024-07-01,90,%
HR,2024-07-01,89,%
HR,2024-07-01,89,%
HR,2024-07-01,89,%
HR,2024-07-01,84,%
HR,2024-07-01,77,%
HR,2024-07-01,77,%
HR,2024-07-01,72,%
HR,2024-07-01,66,%
HR,2024-07-01,62,%
HR,2024-07-01,77,%
HR,2024-07-01,78,%
HR,2024-07-01,68,%
HR,2024-07-01,73,%
HR,2024-07-01,69,%
HR,2024-07-01,71,%
HR,2024-07-01,75,%
HR,2024-07-01,78,%
HR,2024-07-01,83,%
HR,2024-07-01,83,%
HR,2024-07-02,84,%
HR,2024-07-02,87,%
HR,2024-07-02,88,%
HR,2024-07-02,88,%
HR,2024-07-02,87,%
HR,2024-07-02,88,%
HR,2024-07-02,90,%
HR,2024-07-02,91,%
HR,2024-07-02,86,%
HR,2024-07-02,75,%
HR,2024-07-02,71,%
HR,2024-07-02,69,%
HR,2024-07-02,60,%
HR,2024-07-02,54,%
HR,2024-07-02,51,%
HR,2024-07-02,49,%
HR,2024-07-02,45,%
HR,2024-07-02,39,%
HR,2024-07-02,41,%
HR,2024-07-02,46,%
HR,2024-07-02,54,%
HR,2024-07-02,63,%
HR,2024-07-02,73,%
HR,2024-07-02,77,%
HR,2024-07-03,80,%
HR,2024-07-03,81,%
HR,2024-07-03,81,%
HR,2024-07-03,81,%
HR,2024-07-03,83,%
HR,2024-07-03,83,%
HR,2024-07-03,83,%
HR,2024-07-03,83,%
HR,2024-07-03,84,%
HR,2024-07-03,77,%
HR,2024-07-03,70,%
HR,2024-07-03,62,%
HR,2024-07-03,58,%
HR,2024-07-03,54,%
HR,2024-07-03,52,%
HR,2024-07-03,47,%
HR,2024-07-03,41,%
HR,2024-07-03,39,%
HR,2024-07-03,40,%
HR,2024-07-03,42,%
HR,2024-07-03,52,%
HR,2024-07-03,64,%
HR,2024-07-03,68,%
HR,2024-07-03,72,%
HR,2024-07-04,75,%
HR,2024-07-04,78,%
HR,2024-07-04,79,%
HR,2024-07-04,80,%
HR,2024-07-04,81,%
HR,2024-07-04,82,%
HR,2024-07-04,84,%
HR,2024-07-04,82,%
HR,2024-07-04,79,%
HR,2024-07-04,75,%
HR,2024-07-04,69,%
HR,2024-07-04,65,%
HR,2024-07-04,64,%
HR,2024-07-04,61,%
HR,2024-07-04,56,%
HR,2024-07-04,52,%
HR,2024-07-04,49,%
HR,2024-07-04,50,%
HR,2024-07-04,51,%
HR,2024-07-04,49,%
HR,2024-07-04,54,%
HR,2024-07-04,57,%
HR,2024-07-04,61,%
HR,2024-07-04,72,%
HR,2024-07-05,75,%
HR,2024-07-05,76,%
HR,2024-07-05,79,%
HR,2024-07-05,81,%
HR,2024-07-05,81,%
HR,2024-07-05,82,%
HR,2024-07-05,85,%
HR,2024-07-05,85,%
HR,2024-07-05,86,%
HR,2024-07-05,82,%
HR,2024-07-05,75,%
HR,2024-07-05,68,%
HR,2024-07-05,62,%
HR,2024-07-05,58,%
HR,2024-07-05,56,%
HR,2024-07-05,55,%
HR,2024-07-05,52,%
HR,2024-07-05,52,%
HR,2024-07-05,50,%
HR,2024-07-05,49,%
HR,2024-07-05,53,%
HR,2024-07-05,58,%
HR,2024-07-05,69,%
HR,2024-07-05,75,%
HR,2024-07-06,77,%
HR,2024-07-06,80,%
HR,2024-07-06,82,%
HR,2024-07-06,85,%
HR,2024-07-06,85,%
HR,2024-07-06,84,%
HR,2024-07-06,85,%
HR,2024-07-06,83,%
HR,2024-07-06,79,%
HR,2024-07-06,70,%
HR,2024-07-06,67,%
HR,2024-07-06,63,%
HR,2024-07-06,57,%
HR,2024-07-06,50,%
HR,2024-07-06,38,%
HR,2024-07-06,28,%
HR,2024-07-06,27,%
HR,2024-07-06,31,%
HR,2024-07-06,34,%
HR,2024-07-06,38,%
HR,2024-07-06,40,%
HR,2024-07-06,40,%
HR,2024-07-06,48,%
HR,2024-07-06,56,%
HR,2024-07-07,55,%
HR,2024-07-07,59,%
HR,2024-07-07,63,%
HR,2024-07-07,73,%
HR,2024-07-07,79,%
HR,2024-07-07,82,%
HR,2024-07-07,81,%
HR,2024-07-07,81,%
HR,2024-07-07,77,%
HR,2024-07-07,63,%
HR,2024-07-07,50,%
HR,2024-07-07,50,%
HR,2024-07-07,48,%
HR,2024-07-07,40,%
HR,2024-07-07,38,%
HR,2024-07-07,38,%
HR,2024-07-07,40,%
HR,2024-07-07,38,%
HR,2024-07-07,39,%
HR,2024-07-07,49,%
HR,2024-07-07,55,%
HR,2024-07-07,56,%
HR,2024-07-07,55,%
HR,2024-07-07,58,%
HR,2024-07-08,66,%
HR,2024-07-08,65,%
HR,2024-07-08,70,%
HR,2024-07-08,72,%
HR,2024-07-08,78,%
HR,2024-07-08,78,%
HR,2024-07-08,78,%
HR,2024-07-08,75,%
HR,2024-07-08,67,%
HR,2024-07-08,60,%
HR,2024-07-08,55,%
HR,2024-07-08,48,%
HR,2024-07-08,47,%
HR,2024-07-08,41,%
HR,2024-07-08,38,%
HR,2024-07-08,38,%
HR,2024-07-08,36,%
HR,2024-07-08,38,%
HR,2024-07-08,44,%
HR,2024-07-08,61,%
HR,2024-07-08,59,%
HR,2024-07-08,63,%
HR,2024-07-08,66,%
HR,2024-07-08,70,%
HR,2024-07-09,78,%
HR,2024-07-09,76,%
HR,2024-07-09,78,%
HR,2024-07-09,79,%
HR,2024-07-09,81,%
HR,2024-07-09,80,%
HR,2024-07-09,82,%
HR,2024-07-09,83,%
HR,2024-07-09,78,%
HR,2024-07-09,70,%
HR,2024-07-09,64,%
HR,2024-07-09,55,%
HR,2024-07-09,54,%
HR,2024-07-09,49,%
HR,2024-07-09,44,%
HR,2024-07-09,41,%
HR,2024-07-09,39,%
HR,2024-07-09,41,%
HR,2024-07-09,43,%
HR,2024-07-09,44,%
HR,2024-07-09,45,%
HR,2024-07-09,47,%
HR,2024-07-09,56,%
HR,2024-07-09,62,%
HR,2024-07-10,64,%
HR,2024-07-10,71,%
HR,2024-07-10,64,%
HR,2024-07-10,87,%
HR,2024-07-10,86,%
HR,2024-07-10,82,%
HR,2024-07-10,79,%
HR,2024-07-10,81,%
HR,2024-07-10,72,%
HR,2024-07-10,66,%
HR,2024-07-10,58,%
HR,2024-07-10,60,%
HR,2024-07-10,57,%
HR,2024-07-10,62,%
HR,2024-07-10,67,%
HR,2024-07-10,72,%
HR,2024-07-10,78,%
HR,2024-07-10,81,%
HR,2024-07-10,80,%
HR,2024-07-10,83,%
HR,2024-07-10,83,%
HR,2024-07-11,81,%
HR,2024-07-11,83,%
HR,2024-07-11,82,%
HR,2024-07-11,83,%
HR,2024-07-11,86,%
HR,2024-07-11,85,%
HR,2024-07-11,86,%
HR,2024-07-11,88,%
HR,2024-07-11,86,%
HR,2024-07-11,79,%
HR,2024-07-11,67,%
HR,2024-07-11,61,%
HR,2024-07-11,55,%
HR,2024-07-11,54,%
HR,2024-07-11,52,%
HR,2024-07-11,48,%
HR,2024-07-11,48,%
HR,2024-07-11,48,%
HR,2024-07-11,61,%
HR,2024-07-11,73,%
HR,2024-07-11,80,%
HR,2024-07-11,86,%
HR,2024-07-11,88,%
HR,2024-07-11,88,%
HR,2024-07-12,90,%
HR,2024-07-12,90,%
HR,2024-07-12,91,%
HR,2024-07-12,91,%
HR,2024-07-12,91,%
HR,2024-07-12,88,%
HR,2024-07-12,86,%
HR,2024-07-12,87,%
HR,2024-07-12,86,%
HR,2024-07-12,83,%
HR,2024-07-12,80,%
HR,2024-07-12,74,%
HR,2024-07-12,70,%
HR,2024-07-12,71,%
HR,2024-07-12,68,%
HR,2024-07-12,63,%
HR,2024-07-12,61,%
HR,2024-07-12,61,%
HR,2024-07-12,62,%
HR,2024-07-12,62,%
HR,2024-07-12,73,%
HR,2024-07-12,80,%
HR,2024-07-12,86,%
HR,2024-07-12,87,%
HR,2024-07-13,88,%
HR,2024-07-13,89,%
HR,2024-07-13,88,%
HR,2024-07-13,89,%
HR,2024-07-13,89,%
HR,2024-07-13,88,%
HR,2024-07-13,89,%
HR,2024-07-13,87,%
HR,2024-07-13,83,%
HR,2024-07-13,77,%
HR,2024-07-13,69,%
HR,2024-07-13,64,%
HR,2024-07-13,60,%
HR,2024-07-13,57,%
HR,2024-07-13,55,%
HR,2024-07-13,48,%
HR,2024-07-13,44,%
HR,2024-07-13,43,%
HR,2024-07-13,45,%
HR,2024-07-13,51,%
HR,2024-07-13,61,%
HR,2024-07-13,62,%
HR,2024-07-13,70,%
HR,2024-07-13,76,%
HR,2024-07-14,79,%
HR,2024-07-14,80,%
HR,2024-07-14,81,%
HR,2024-07-14,83,%
HR,2024-07-14,84,%
HR,2024-07-14,86,%
HR,2024-07-14,88,%
HR,2024-07-14,88,%
HR,2024-07-14,84,%
HR,2024-07-14,77,%
HR,2024-07-14,69,%
HR,2024-07-14,61,%
HR,2024-07-14,55,%
HR,2024-07-14,54,%
HR,2024-07-14,50,%
HR,2024-07-14,48,%
HR,2024-07-14,42,%
HR,2024-07-14,40,%
HR,2024-07-14,44,%
HR,2024-07-14,50,%
HR,2024-07-14,54,%
HR,2024-07-14,61,%
HR,2024-07-14,69,%
HR,2024-07-14,71,%
HR,2024-07-15,73,%
HR,2024-07-15,77,%
HR,2024-07-15,79,%
HR,2024-07-15,81,%
HR,2024-07-15,82,%
HR,2024-07-15,83,%
HR,2024-07-15,83,%
HR,2024-07-15,85,%
HR,2024-07-15,85,%
HR,2024-07-15,77,%
HR,2024-07-15,73,%
HR,2024-07-15,65,%
HR,2024-07-15,61,%
HR,2024-07-15,55,%
HR,2024-07-15,52,%
HR,2024-07-15,49,%
HR,2024-07-15,45,%
HR,2024-07-15,51,%
HR,2024-07-15,53,%
HR,2024-07-15,55,%
HR,2024-07-15,56,%
HR,2024-07-15,61,%
HR,2024-07-15,66,%
HR,2024-07-15,70,%
HR,2024-07-16,74,%
HR,2024-07-16,77,%
HR,2024-07-16,79,%
HR,2024-07-16,80,%
HR,2024-07-16,80,%
HR,2024-07-16,83,%
HR,2024-07-16,85,%
HR,2024-07-16,86,%
HR,2024-07-16,84,%
HR,2024-07-16,77,%
HR,2024-07-16,71,%
HR,2024-07-16,65,%
HR,2024-07-16,61,%
HR,2024-07-16,57,%
HR,2024-07-16,54,%
HR,2024-07-16,53,%
HR,2024-07-16,51,%
HR,2024-07-16,51,%
HR,2024-07-16,51,%
HR,2024-07-16,52,%
HR,2024-07-16,54,%
HR,2024-07-16,58,%
HR,2024-07-16,58,%
HR,2024-07-16,65,%
HR,2024-07-17,74,%
HR,2024-07-17,79,%
HR,2024-07-17,80,%
HR,2024-07-17,80,%
HR,2024-07-17,80,%
HR,2024-07-17,79,%
HR,2024-07-17,80,%
HR,2024-07-17,83,%
HR,2024-07-17,82,%
HR,2024-07-17,79,%
HR,2024-07-17,72,%
HR,2024-07-17,70,%
HR,2024-07-17,64,%
HR,2024-07-17,60,%
HR,2024-07-17,53,%
HR,2024-07-17,50,%
HR,2024-07-17,58,%
HR,2024-07-17,65,%
HR,2024-07-17,65,%
HR,2024-07-17,55,%
HR,2024-07-17,63,%
HR,2024-07-17,67,%
HR,2024-07-17,69,%
HR,2024-07-17,73,%
HR,2024-07-18,84,%
HR,2024-07-18,85,%
HR,2024-07-18,84,%
HR,2024-07-18,85,%
HR,2024-07-18,86,%
HR,2024-07-18,85,%
HR,2024-07-18,87,%
HR,2024-07-18,86,%
HR,2024-07-18,85,%
HR,2024-07-18,82,%
HR,2024-07-18,75,%
HR,2024-07-18,71,%
HR,2024-07-18,75,%
HR,2024-07-18,68,%
HR,2024-07-18,68,%
HR,2024-07-18,58,%
HR,2024-07-18,55,%
HR,2024-07-18,55,%
HR,2024-07-18,59,%
HR,2024-07-18,65,%
HR,2024-07-18,70,%
HR,2024-07-18,66,%
HR,2024-07-18,72,%
HR,2024-07-18,74,%
HR,2024-07-19,77,%
HR,2024-07-19,82,%
HR,2024-07-19,84,%
HR,2024-07-19,88,%
HR,2024-07-19,91,%
HR,2024-07-19,91,%
HR,2024-07-19,91,%
HR,2024-07-19,90,%
HR,2024-07-19,83,%
HR,2024-07-19,79,%
HR,2024-07-19,74,%
HR,2024-07-19,67,%
HR,2024-07-19,61,%
HR,2024-07-19,52,%
HR,2024-07-19,50,%
HR,2024-07-19,46,%
HR,2024-07-19,45,%
HR,2024-07-19,42,%
HR,2024-07-19,46,%
HR,2024-07-19,49,%
HR,2024-07-19,52,%
HR,2024-07-19,59,%
HR,2024-07-19,61,%
HR,2024-07-19,62,%
HR,2024-07-20,71,%
HR,2024-07-20,75,%
HR,2024-07-20,76,%
HR,2024-07-20,78,%
HR,2024-07-20,81,%
HR,2024-07-20,84,%
HR,2024-07-20,86,%
HR,2024-07-20,89,%
HR,2024-07-20,86,%
HR,2024-07-20,77,%
HR,2024-07-20,68,%
HR,2024-07-20,61,%
HR,2024-07-20,54,%
HR,2024-07-20,46,%
HR,2024-07-20,44,%
HR,2024-07-20,42,%
HR,2024-07-20,43,%
HR,2024-07-20,42,%
HR,2024-07-20,41,%
HR,2024-07-20,43,%
HR,2024-07-20,48,%
HR,2024-07-20,57,%
HR,2024-07-20,61,%
HR,2024-07-20,65,%
HR,2024-07-21,70,%
HR,2024-07-21,75,%
HR,2024-07-21,78,%
HR,2024-07-21,80,%
HR,2024-07-21,84,%
HR,2024-07-21,86,%
HR,2024-07-21,85,%
HR,2024-07-21,86,%
HR,2024-07-21,85,%
HR,2024-07-21,77,%
HR,2024-07-21,68,%
HR,2024-07-21,64,%
HR,2024-07-21,59,%
HR,2024-07-21,53,%
HR,2024-07-21,51,%
HR,2024-07-21,47,%
HR,2024-07-21,44,%
HR,2024-07-21,43,%
HR,2024-07-21,41,%
HR,2024-07-21,44,%
HR,2024-07-21,54,%
HR,2024-07-21,58,%
HR,2024-07-21,67,%