Parametro,Fecha,valor,Unidad
,,,
HR,2024-01-01,53,%
HR,2024-01-01,50,%
HR,2024-01-01,48,%
HR,2024-01-01,48,%
HR,2024-01-01,43,%
HR,2024-01-01,45,%
HR,2024-01-01,42,%
HR,2024-01-01,44,%
HR,2024-01-01,42,%
HR,2024-01-01,40,%
HR,2024-01-01,31,%
HR,2024-01-01,26,%
HR,2024-01-01,29,%
HR,2024-01-01,34,%
HR,2024-01-01,41,%
HR,2024-01-01,44,%
HR,2024-01-01,51,%
HR,2024-01-01,58,%
HR,2024-01-01,63,%
HR,2024-01-01,67,%
HR,2024-01-01,68,%
HR,2024-01-01,72,%
HR,2024-01-01,73,%
HR,2024-01-02,72,%
HR,2024-01-02,75,%
HR,2024-01-02,78,%
HR,2024-01-02,82,%
HR,2024-01-02,85,%
HR,2024-01-02,86,%
HR,2024-01-02,86,%
HR,2024-01-02,87,%
HR,2024-01-02,87,%
HR,2024-01-02,87,%
HR,2024-01-02,88,%
HR,2024-01-02,87,%
HR,2024-01-02,85,%
HR,2024-01-02,80,%
HR,2024-01-02,75,%
HR,2024-01-02,73,%
HR,2024-01-02,71,%
HR,2024-01-02,73,%
HR,2024-01-02,76,%
HR,2024-01-02,78,%
HR,2024-01-02,77,%
HR,2024-01-02,79,%
HR,2024-01-02,81,%
HR,2024-01-02,82,%
HR,2024-01-03,82,%
HR,2024-01-03,83,%
HR,2024-01-03,83,%
HR,2024-01-03,83,%
HR,2024-01-03,80,%
HR,2024-01-03,80,%
HR,2024-01-03,84,%
HR,2024-01-03,86,%
HR,2024-01-03,87,%
HR,2024-01-03,88,%
HR,2024-01-03,88,%
HR,2024-01-03,87,%
HR,2024-01-03,84,%
HR,2024-01-03,67,%
HR,2024-01-03,56,%
HR,2024-01-03,53,%
HR,2024-01-03,50,%
HR,2024-01-03,49,%
HR,2024-01-03,50,%
HR,2024-01-03,53,%
HR,2024-01-03,58,%
HR,2024-01-03,63,%
HR,2024-01-03,64,%
HR,2024-01-03,61,%
HR,2024-01-04,59,%
HR,2024-01-04,61,%
HR,2024-01-04,62,%
HR,2024-01-04,65,%
HR,2024-01-04,73,%
HR,2024-01-04,81,%
HR,2024-01-04,84,%
HR,2024-01-04,86,%
HR,2024-01-04,86,%
HR,2024-01-04,87,%
HR,2024-01-04,87,%
HR,2024-01-04,86,%
HR,2024-01-04,86,%
HR,2024-01-04,85,%
HR,2024-01-04,82,%
HR,2024-01-04,79,%
HR,2024-01-04,78,%
HR,2024-01-04,80,%
HR,2024-01-04,82,%
HR,2024-01-04,83,%
HR,2024-01-04,82,%
HR,2024-01-04,82,%
HR,2024-01-04,83,%
HR,2024-01-04,83,%
HR,2024-01-05,78,%
HR,2024-01-05,74,%
HR,2024-01-05,79,%
HR,2024-01-05,76,%
HR,2024-01-05,73,%
HR,2024-01-05,72,%
HR,2024-01-05,72,%
HR,2024-01-05,71,%
HR,2024-01-05,69,%
HR,2024-01-05,68,%
HR,2024-01-05,65,%
HR,2024-01-05,58,%
HR,2024-01-05,48,%
HR,2024-01-05,37,%
HR,2024-01-05,31,%
HR,2024-01-05,27,%
HR,2024-01-05,23,%
HR,2024-01-05,28,%
HR,2024-01-05,37,%
HR,2024-01-05,41,%
HR,2024-01-05,45,%
HR,2024-01-05,48,%
HR,2024-01-05,48,%
HR,2024-01-05,50,%
HR,2024-01-06,54,%
HR,2024-01-06,60,%
HR,2024-01-06,63,%
HR,2024-01-06,63,%
HR,2024-01-06,65,%
HR,2024-01-06,68,%
HR,2024-01-06,68,%
HR,2024-01-06,69,%
HR,2024-01-06,70,%
HR,2024-01-06,66,%
HR,2024-01-06,55,%
HR,2024-01-06,58,%
HR,2024-01-07,63,%
HR,2024-01-07,63,%
HR,2024-01-07,63,%
HR,2024-01-07,64,%
HR,2024-01-07,62,%
HR,2024-01-07,-9999,%
HR,2024-01-07,-9999,%
HR,2024-01-07,-9999,%
HR,2024-01-07,-9999,%
HR,2024-01-07,-9999,%
HR,2024-01-07,-9999,%
HR,2024-01-07,71,%
HR,2024-01-07,72,%
HR,2024-01-07,77,%
HR,2024-01-07,80,%
HR,2024-01-07,79,%
HR,2024-01-07,75,%
HR,2024-01-07,74,%
HR,2024-01-07,76,%
HR,2024-01-07,76,%
HR,2024-01-07,78,%
HR,2024-01-07,80,%
HR,2024-01-08,82,%
HR,2024-01-08,84,%
HR,2024-01-08,84,%
HR,2024-01-08,84,%
HR,2024-01-08,84,%
HR,2024-01-08,84,%
HR,2024-01-08,85,%
HR,2024-01-08,85,%
HR,2024-01-08,84,%
HR,2024-01-08,61,%
HR,2024-01-08,19,%
HR,2024-01-08,19,%
HR,2024-01-08,10,%
HR,2024-01-08,10,%
HR,2024-01-08,8,%
HR,2024-01-08,20,%
HR,2024-01-08,40,%
HR,2024-01-08,36,%
HR,2024-01-08,38,%
HR,2024-01-08,34,%
HR,2024-01-09,35,%
HR,2024-01-09,34,%
HR,2024-01-09,25,%
HR,2024-01-09,19,%
HR,2024-01-09,18,%
HR,2024-01-09,21,%
HR,2024-01-09,23,%
HR,2024-01-09,23,%
HR,2024-01-09,20,%
HR,2024-01-09,18,%
HR,2024-01-09,16,%
HR,2024-01-09,14,%
HR,2024-01-09,13,%
HR,2024-01-09,13,%
HR,2024-01-09,13,%
HR,2024-01-09,13,%
HR,2024-01-09,16,%
HR,2024-01-09,18,%
HR,2024-01-09,22,%
HR,2024-01-09,27,%
HR,2024-01-09,29,%
HR,2024-01-09,31,%
HR,2024-01-09,32,%
HR,2024-01-09,36,%
HR,2024-01-10,39,%
HR,2024-01-10,39,%
HR,2024-01-10,38,%
HR,2024-01-10,43,%
HR,2024-01-10,48,%
HR,2024-01-10,45,%
HR,2024-01-10,47,%
HR,2024-01-10,45,%
HR,2024-01-10,43,%
HR,2024-01-10,40,%
HR,2024-01-10,35,%
HR,2024-01-10,29,%
HR,2024-01-10,22,%
HR,2024-01-10,18,%
HR,2024-01-10,15,%
HR,2024-01-10,19,%
HR,2024-01-10,20,%
HR,2024-01-10,21,%
HR,2024-01-10,26,%
HR,2024-01-10,31,%
HR,2024-01-10,33,%
HR,2024-01-10,36,%
HR,2024-01-10,41,%
HR,2024-01-10,47,%
HR,2024-01-11,47,%
HR,2024-01-11,48,%
HR,2024-01-11,46,%
HR,2024-01-11,43,%
HR,2024-01-11,36,%
HR,2024-01-11,31,%
HR,2024-01-11,30,%
HR,2024-01-11,30,%
HR,2024-01-11,33,%
HR,2024-01-11,31,%
HR,2024-01-11,23,%
HR,2024-01-11,18,%
HR,2024-01-11,16,%
HR,2024-01-11,11,%
HR,2024-01-11,9,%
HR,2024-01-11,8,%
HR,2024-01-11,6,%
HR,2024-01-11,6,%
HR,2024-01-11,11,%
HR,2024-01-11,18,%
HR,2024-01-11,23,%
HR,2024-01-11,29,%
HR,2024-01-11,31,%
HR,2024-01-11,32,%
HR,2024-01-12,16,%
HR,2024-01-12,6,%
HR,2024-01-12,4,%
HR,2024-01-12,4,%
HR,2024-01-12,3,%
HR,2024-01-12,3,%
HR,2024-01-12,7,%
HR,2024-01-16,86,%
HR,2024-01-16,86,%
HR,2024-01-16,86,%
HR,2024-01-16,86,%
HR,2024-01-16,86,%
HR,2024-01-16,86,%
HR,2024-01-16,85,%
HR,2024-01-16,84,%
HR,2024-01-16,83,%
HR,2024-01-16,83,%
HR,2024-01-16,82,%
HR,2024-01-17,82,%
HR,2024-01-17,80,%
HR,2024-01-17,78,%
HR,2024-01-17,72,%
HR,2024-01-17,65,%
HR,2024-01-17,64,%
HR,2024-01-17,62,%
HR,2024-01-17,60,%
HR,2024-01-17,62,%
HR,2024-01-17,58,%
HR,2024-01-17,53,%
HR,2024-01-17,53,%
HR,2024-01-17,55,%
HR,2024-01-17,51,%
HR,2024-01-17,46,%
HR,2024-01-17,42,%
HR,2024-01-17,39,%
HR,2024-01-17,38,%
HR,2024-01-17,38,%
HR,2024-01-17,44,%
HR,2024-01-17,51,%
HR,2024-01-17,52,%
HR,2024-01-17,54,%
HR,2024-01-17,57,%
HR,2024-01-18,59,%
HR,2024-01-18,60,%
HR,2024-01-18,59,%
HR,2024-01-18,58,%
HR,2024-01-18,56,%
HR,2024-01-18,55,%
HR,2024-01-18,53,%
HR,2024-01-18,50,%
HR,2024-01-18,49,%
HR,2024-01-18,44,%
HR,2024-01-18,38,%
HR,2024-01-18,33,%
HR,2024-01-18,23,%
HR,2024-01-18,16,%
HR,2024-01-18,14,%
HR,2024-01-18,12,%
HR,2024-01-18,11,%
HR,2024-01-18,11,%
HR,2024-01-18,12,%
HR,2024-01-18,20,%
HR,2024-01-18,30,%
HR,2024-01-18,34,%
HR,2024-01-18,38,%
HR,2024-01-18,42,%
HR,2024-01-19,46,%
HR,2024-01-19,47,%
HR,2024-01-19,48,%
HR,2024-01-19,44,%
HR,2024-01-19,42,%
HR,2024-01-19,42,%
HR,2024-01-19,45,%
HR,2024-01-19,45,%
HR,2024-01-19,48,%
HR,2024-01-19,42,%
HR,2024-01-19,30,%
HR,2024-01-19,28,%
HR,2024-01-19,30,%
HR,2024-01-19,35,%
HR,2024-01-19,38,%
HR,2024-01-19,39,%
HR,2024-01-19,41,%
HR,2024-01-19,44,%
HR,2024-01-19,41,%
HR,2024-01-19,41,%
HR,2024-01-19,41,%
HR,2024-01-19,42,%
HR,2024-01-19,46,%
HR,2024-01-20,45,%
HR,2024-01-20,44,%
HR,2024-01-20,42,%
HR,2024-01-20,42,%
HR,2024-01-20,43,%
HR,2024-01-20,47,%
HR,2024-01-20,48,%
HR,2024-01-20,51,%
HR,2024-01-20,49,%
HR,2024-01-20,48,%
HR,2024-01-20,52,%
HR,2024-01-20,55,%
HR,2024-01-20,52,%
HR,2024-01-20,51,%
HR,2024-01-20,51,%
HR,2024-01-20,51,%
HR,2024-01-20,50,%
HR,2024-01-20,53,%
HR,2024-01-20,58,%
HR,2024-01-20,64,%
HR,2024-01-20,67,%
HR,2024-01-20,74,%
HR,2024-01-20,81,%
HR,2024-01-20,84,%
HR,2024-01-21,85,%
HR,2024-01-21,86,%
HR,2024-01-21,86,%
HR,2024-01-21,87,%
HR,2024-01-21,87,%
HR,2024-01-21,87,%
HR,2024-01-21,87,%
HR,2024-01-21,87,%
HR,2024-01-21,87,%
HR,2024-01-21,87,%
HR,2024-01-21,86,%
HR,2024-01-21,85,%
HR,2024-01-21,85,%
HR,2024-01-21,84,%
HR,2024-01-21,85,%
HR,2024-01-21,86,%
HR,2024-01-21,87,%
HR,2024-01-21,87,%
HR,2024-01-21,88,%
HR,2024-01-22,85,%
HR,2024-01-22,83,%
HR,2024-01-22,85,%
HR,2024-01-22,86,%
HR,2024-01-22,87,%
HR,2024-01-22,83,%
HR,2024-01-22,81,%
HR,2024-01-22,72,%
HR,2024-01-22,62,%
HR,2024-01-22,72,%
HR,2024-01-22,78,%
HR,2024-01-22,69,%
HR,2024-01-22,57,%
HR,2024-01-22,50,%
HR,2024-01-22,49,%
HR,2024-01-22,46,%
HR,2024-01-22,53,%
HR,2024-01-22,67,%
HR,2024-01-22,71,%
HR,2024-01-22,74,%
HR,2024-01-22,77,%
HR,2024-01-22,78,%
HR,2024-01-22,79,%
HR,2024-01-22,81,%
HR,2024-01-23,82,%
HR,2024-01-23,82,%
HR,2024-01-23,84,%
HR,2024-01-23,85,%
HR,2024-01-23,85,%
HR,2024-01-23,86,%
HR,2024-01-23,86,%
HR,2024-01-23,86,%
HR,2024-01-23,86,%
HR,2024-01-23,86,%
HR,2024-01-23,85,%
HR,2024-01-23,80,%
HR,2024-01-23,72,%
HR,2024-01-23,67,%
HR,2024-01-23,62,%
HR,2024-01-23,61,%
HR,2024-01-23,63,%
HR,2024-01-23,67,%
HR,2024-01-23,71,%
HR,2024-01-23,74,%
HR,2024-01-23,77,%
HR,2024-01-23,81,%
HR,2024-01-23,82,%
HR,2024-01-23,82,%
HR,2024-01-24,82,%
HR,2024-01-24,82,%
HR,2024-01-24,82,%
HR,2024-01-24,82,%
HR,2024-01-24,82,%
HR,2024-01-24,83,%
HR,2024-01-24,84,%
HR,2024-01-24,83,%
HR,2024-01-24,83,%
HR,2024-01-24,80,%
HR,2024-01-24,76,%
HR,2024-01-24,73,%
HR,2024-01-24,68,%
HR,2024-01-24,68,%
HR,2024-01-24,66,%
HR,2024-01-24,69,%
HR,2024-01-24,75,%
HR,2024-01-24,79,%
HR,2024-01-24,80,%
HR,2024-01-24,80,%
HR,2024-01-24,80,%
HR,2024-01-24,81,%
HR,2024-01-25,81,%
HR,2024-01-25,82,%
HR,2024-01-25,83,%
HR,2024-01-25,85,%
HR,2024-01-25,86,%
HR,2024-01-25,87,%
HR,2024-01-25,87,%
HR,2024-01-25,87,%
HR,2024-01-25,88,%
HR,2024-01-25,87,%
HR,2024-01-25,83,%
HR,2024-01-25,70,%
HR,2024-01-25,58,%
HR,2024-01-25,53,%
HR,2024-01-25,52,%
HR,2024-01-25,50,%
HR,2024-01-25,50,%
HR,2024-01-25,52,%
HR,2024-01-25,57,%
HR,2024-01-25,62,%
HR,2024-01-25,66,%
HR,2024-01-25,69,%
HR,2024-01-25,72,%
HR,2024-01-25,76,%
HR,2024-01-26,79,%
HR,2024-01-26,79,%
HR,2024-01-26,79,%
HR,2024-01-26,78,%
HR,2024-01-26,78,%
HR,2024-01-26,79,%
HR,2024-01-26,80,%
HR,2024-01-26,80,%
HR,2024-01-26,81,%
HR,2024-01-26,81,%
HR,2024-01-26,74,%
HR,2024-01-26,63,%
HR,2024-01-26,52,%
HR,2024-01-26,44,%
HR,2024-01-26,43,%
HR,2024-01-26,41,%
HR,2024-01-26,41,%
HR,2024-01-26,42,%
HR,2024-01-26,45,%
HR,2024-01-26,48,%
HR,2024-01-26,55,%
HR,2024-01-26,62,%
HR,2024-01-26,67,%
HR,2024-01-26,71,%
HR,2024-01-27,76,%
HR,2024-01-27,77,%
HR,2024-01-27,76,%
HR,2024-01-27,77,%
HR,2024-01-27,74,%
HR,2024-01-27,67,%
HR,2024-01-27,63,%
HR,2024-01-27,52,%
HR,2024-01-27,39,%
HR,2024-01-27,40,%
HR,2024-01-27,41,%
HR,2024-01-27,38,%
HR,2024-01-27,34,%
HR,2024-01-27,31,%
HR,2024-01-27,31,%
HR,2024-01-27,30,%
HR,2024-01-27,31,%
HR,2024-01-27,32,%
HR,2024-01-27,35,%
HR,2024-01-27,40,%
HR,2024-01-27,42,%
HR,2024-01-27,44,%
HR,2024-01-27,48,%
HR,2024-01-27,53,%
HR,2024-01-28,52,%
HR,2024-01-28,52,%
HR,2024-01-28,52,%
HR,2024-01-28,54,%
HR,2024-01-28,58,%
HR,2024-01-28,61,%
HR,2024-01-28,64,%
HR,2024-01-28,68,%
HR,2024-01-28,33,%
HR,2024-01-28,41,%
HR,2024-01-28,40,%
HR,2024-01-28,39,%
HR,2024-01-29,42,%
HR,2024-01-29,45,%
HR,2024-01-29,48,%
HR,2024-01-29,50,%
HR,2024-01-29,50,%
HR,2024-01-29,51,%
HR,2024-01-29,51,%
HR,2024-01-29,55,%
HR,2024-01-29,57,%
HR,2024-01-29,52,%
HR,2024-01-29,39,%
HR,2024-01-29,37,%
HR,2024-01-29,36,%
HR,2024-01-29,35,%
HR,2024-01-29,35,%
HR,2024-01-29,34,%
HR,2024-01-29,34,%
HR,2024-01-29,34,%
HR,2024-01-29,36,%
HR,2024-01-29,37,%
HR,2024-01-29,40,%
HR,2024-01-29,39,%
HR,2024-01-29,38,%
HR,2024-01-29,40,%
HR,2024-01-30,40,%
HR,2024-01-30,41,%
HR,2024-01-30,44,%
HR,2024-01-30,46,%
HR,2024-01-30,46,%
HR,2024-01-30,53,%
HR,2024-01-30,57,%
HR,2024-01-30,58,%
HR,2024-01-30,60,%
HR,2024-01-30,60,%
HR,2024-01-30,51,%
HR,2024-01-30,46,%
HR,2024-01-30,41,%
HR,2024-01-30,37,%
HR,2024-01-30,36,%
HR,2024-01-30,35,%
HR,2024-01-30,35,%
HR,2024-01-30,37,%
HR,2024-01-30,42,%
HR,2024-01-30,47,%
HR,2024-01-30,50,%
HR,2024-01-30,53,%
HR,2024-01-30,57,%
HR,2024-01-30,60,%
HR,2024-01-31,62,%
HR,2024-01-31,64,%
HR,2024-01-31,67,%
HR,2024-01-31,68,%
HR,2024-01-31,71,%
HR,2024-01-31,74,%
HR,2024-01-31,74,%
HR,2024-01-31,75,%
HR,2024-01-31,76,%
HR,2024-01-31,74,%
HR,2024-01-31,68,%
HR,2024-01-31,70,%
HR,2024-01-31,63,%
HR,2024-01-31,60,%
HR,2024-01-31,57,%
HR,2024-01-31,55,%
HR,2024-01-31,53,%
HR,2024-01-31,53,%
HR,2024-01-31,56,%
HR,2024-01-31,58,%
HR,2024-01-31,59,%
HR,2024-01-31,58,%
HR,2024-01-31,58,%
HR,2024-01-31,60,%
HR,2024-02-01,65,%
HR,2024-02-01,71,%
HR,2024-02-01,74,%
HR,2024-02-01,80,%
HR,2024-02-01,82,%
HR,2024-02-01,84,%
HR,2024-02-01,85,%
HR,2024-02-01,86,%
HR,2024-02-01,85,%
HR,2024-02-01,81,%
HR,2024-02-01,69,%
HR,2024-02-01,60,%
HR,2024-02-01,53,%
HR,2024-02-01,47,%
HR,2024-02-01,47,%
HR,2024-02-01,47,%
HR,2024-02-01,48,%
HR,2024-02-01,51,%
HR,2024-02-01,57,%
HR,2024-02-01,60,%
HR,2024-02-01,62,%
HR,2024-02-01,63,%
HR,2024-02-01,66,%
HR,2024-02-02,68,%
HR,2024-02-02,71,%
HR,2024-02-02,73,%
HR,2024-02-02,75,%
HR,2024-02-02,76,%
HR,2024-02-02,75,%
HR,2024-02-02,74,%
HR,2024-02-02,74,%
HR,2024-02-02,74,%
HR,2024-02-02,66,%
HR,2024-02-02,43,%
HR,2024-02-02,23,%
HR,2024-02-02,18,%
HR,2024-02-02,15,%
HR,2024-02-02,14,%
HR,2024-02-02,13,%
HR,2024-02-02,16,%
HR,2024-02-02,26,%
HR,2024-02-02,28,%
HR,2024-02-02,29,%
HR,2024-02-02,33,%
HR,2024-02-02,39,%
HR,2024-02-02,41,%
HR,2024-02-02,45,%
HR,2024-02-03,49,%
HR,2024-02-03,49,%
HR,2024-02-03,21,%
HR,2024-02-03,19,%
HR,2024-02-03,19,%
HR,2024-02-03,20,%
HR,2024-02-03,22,%
HR,2024-02-03,23,%
HR,2024-02-03,24,%
HR,2024-02-03,24,%
HR,2024-02-03,23,%
HR,2024-02-03,21,%
HR,2024-02-03,18,%
HR,2024-02-03,15,%
HR,2024-02-03,12,%
HR,2024-02-03,8,%
HR,2024-02-03,7,%
HR,2024-02-03,5,%
HR,2024-02-03,4,%
HR,2024-02-03,5,%
HR,2024-02-03,7,%
HR,2024-02-03,9,%
HR,2024-02-03,11,%
HR,2024-02-03,14,%
HR,2024-02-04,19,%
HR,2024-02-04,35,%
HR,2024-02-04,33,%
HR,2024-02-04,32,%
HR,2024-02-04,20,%
HR,2024-02-04,17,%
HR,2024-02-04,18,%
HR,2024-02-04,16,%
HR,2024-02-04,15,%
HR,2024-02-04,14,%
HR,2024-02-04,14,%
HR,2024-02-04,12,%
HR,2024-02-04,11,%
HR,2024-02-04,11,%
HR,2024-02-04,10,%
HR,2024-02-04,9,%
HR,2024-02-04,8,%
HR,2024-02-04,8,%
HR,2024-02-04,8,%
HR,2024-02-04,9,%
HR,2024-02-04,9,%
HR,2024-02-04,9,%
HR,2024-02-04,12,%
HR,2024-02-04,13,%
HR,2024-02-05,15,%
HR,2024-02-05,16,%
HR,2024-02-05,16,%
HR,2024-02-05,20,%
HR,2024-02-05,23,%
HR,2024-02-05,26,%
HR,2024-02-05,25,%
HR,2024-02-05,22,%
HR,2024-02-05,19,%
HR,2024-02-05,15,%
HR,2024-02-05,14,%
HR,2024-02-05,13,%
HR,2024-02-05,13,%
HR,2024-02-05,12,%
HR,2024-02-05,10,%
HR,2024-02-05,8,%
HR,2024-02-05,9,%
HR,2024-02-05,10,%
HR,2024-02-05,13,%
HR,2024-02-05,19,%
HR,2024-02-05,24,%
HR,2024-02-05,27,%
HR,2024-02-05,34,%
HR,2024-02-05,38,%
HR,2024-02-06,43,%
HR,2024-02-06,45,%
HR,2024-02-06,47,%
HR,2024-02-06,49,%
HR,2024-02-06,52,%
HR,2024-02-06,53,%
HR,2024-02-06,53,%
HR,2024-02-06,57,%
HR,2024-02-06,47,%
HR,2024-02-06,42,%
HR,2024-02-06,39,%
HR,2024-02-06,37,%
HR,2024-02-06,36,%
HR,2024-02-06,34,%
HR,2024-02-06,32,%
HR,2024-02-06,31,%
HR,2024-02-06,30,%
HR,2024-02-06,30,%
HR,2024-02-06,33,%
HR,2024-02-06,35,%
HR,2024-02-06,38,%
HR,2024-02-06,39,%
HR,2024-02-06,41,%
HR,2024-02-07,44,%
HR,2024-02-07,46,%
HR,2024-02-07,49,%
HR,2024-02-07,54,%
HR,2024-02-07,59,%
HR,2024-02-07,63,%
HR,2024-02-07,66,%
HR,2024-02-07,69,%
HR,2024-02-07,72,%
HR,2024-02-07,74,%
HR,2024-02-07,72,%
HR,2024-02-07,63,%
HR,2024-02-07,53,%
HR,2024-02-07,47,%
HR,2024-02-07,46,%
HR,2024-02-07,44,%
HR,2024-02-07,40,%
HR,2024-02-07,40,%
HR,2024-02-07,42,%
HR,2024-02-07,45,%
HR,2024-02-07,47,%
HR,2024-02-07,51,%
HR,2024-02-07,53,%
HR,2024-02-07,54,%
HR,2024-02-08,55,%
HR,2024-02-08,56,%
HR,2024-02-08,56,%
HR,2024-02-08,62,%
HR,2024-02-08,64,%
HR,2024-02-08,64,%
HR,2024-02-08,66,%
HR,2024-02-08,62,%
HR,2024-02-08,64,%
HR,2024-02-08,62,%
HR,2024-02-08,46,%
HR,2024-02-08,39,%
HR,2024-02-08,34,%
HR,2024-02-08,34,%
HR,2024-02-08,31,%
HR,2024-02-08,29,%
HR,2024-02-08,28,%
HR,2024-02-08,30,%
HR,2024-02-08,33,%
HR,2024-02-08,43,%
HR,2024-02-08,51,%
HR,2024-02-08,55,%
HR,2024-02-08,59,%
HR,2024-02-08,61,%
HR,2024-02-09,63,%
HR,2024-02-09,66,%
HR,2024-02-09,69,%
HR,2024-02-09,70,%
HR,2024-02-09,71,%
HR,2024-02-09,75,%
HR,2024-02-09,77,%
HR,2024-02-09,76,%
HR,2024-02-09,77,%
HR,2024-02-09,70,%
HR,2024-02-09,61,%
HR,2024-02-09,47,%
HR,2024-02-09,41,%
HR,2024-02-09,38,%
HR,2024-02-09,37,%
HR,2024-02-09,38,%
HR,2024-02-09,36,%
HR,2024-02-09,33,%
HR,2024-02-09,34,%
HR,2024-02-09,41,%
HR,2024-02-09,50,%
HR,2024-02-09,55,%
HR,2024-02-09,53,%
HR,2024-02-09,55,%
HR,2024-02-10,59,%
HR,2024-02-10,62,%
HR,2024-02-10,66,%
HR,2024-02-10,69,%
HR,2024-02-10,74,%
HR,2024-02-10,75,%
HR,2024-02-10,75,%
HR,2024-02-10,76,%
HR,2024-02-10,32,%
HR,2024-02-10,55,%
HR,2024-02-10,58,%
HR,2024-02-10,62,%
HR,2024-02-10,64,%
HR,2024-02-10,66,%
HR,2024-02-11,69,%
HR,2024-02-11,72,%
HR,2024-02-11,69,%
HR,2024-02-11,65,%
HR,2024-02-11,46,%
HR,2024-02-11,11,%
HR,2024-02-11,11,%
HR,2024-02-11,17,%
HR,2024-02-11,12,%
HR,2024-02-11,10,%
HR,2024-02-11,10,%
HR,2024-02-11,21,%
HR,2024-02-11,31,%
HR,2024-02-11,29,%
HR,2024-02-11,27,%
HR,2024-02-11,26,%
HR,2024-02-11,25,%
HR,2024-02-11,26,%
HR,2024-02-11,27,%
HR,2024-02-11,29,%
HR,2024-02-11,31,%
HR,2024-02-11,30,%
HR,2024-02-11,31,%
HR,2024-02-11,32,%
HR,2024-02-12,32,%
HR,2024-02-12,34,%
HR,2024-02-12,25,%
HR,2024-02-12,23,%
HR,2024-02-12,23,%
HR,2024-02-12,23,%
HR,2024-02-12,25,%
HR,2024-02-12,45,%
HR,2024-02-12,49,%
HR,2024-02-12,43,%
HR,2024-02-12,27,%
HR,2024-02-12,16,%
HR,2024-02-12,13,%
HR,2024-02-12,12,%
HR,2024-02-12,12,%
HR,2024-02-12,15,%
HR,2024-02-12,17,%
HR,2024-02-12,18,%
HR,2024-02-12,19,%
HR,2024-02-12,22,%
HR,2024-02-12,28,%
HR,2024-02-12,30,%
HR,2024-02-12,30,%
HR,2024-02-12,30,%
HR,2024-02-13,30,%
HR,2024-02-13,31,%
HR,2024-02-13,32,%
HR,2024-02-13,33,%
HR,2024-02-13,34,%
HR,2024-02-13,34,%
HR,2024-02-13,35,%
HR,2024-02-13,36,%
HR,2024-02-13,37,%
HR,2024-02-13,36,%
HR,2024-02-13,35,%
HR,2024-02-13,34,%
HR,2024-02-13,33,%
HR,2024-02-13,33,%
HR,2024-02-13,34,%
HR,2024-02-13,35,%
HR,2024-02-13,34,%
HR,2024-02-13,36,%
HR,2024-02-13,39,%
HR,2024-02-13,43,%
HR,2024-02-13,47,%
HR,2024-02-13,51,%
HR,2024-02-13,54,%
HR,2024-02-13,62,%
HR,2024-02-14,67,%
HR,2024-02-14,71,%
HR,2024-02-14,74,%
HR,2024-02-14,76,%
HR,2024-02-14,79,%
HR,2024-02-14,80,%
HR,2024-02-14,81,%
HR,2024-02-14,82,%
HR,2024-02-14,83,%
HR,2024-02-14,82,%
HR,2024-02-14,71,%
HR,2024-02-14,65,%
HR,2024-02-14,56,%
HR,2024-02-14,50,%
HR,2024-02-14,54,%
HR,2024-02-14,54,%
HR,2024-02-14,53,%
HR,2024-02-14,58,%
HR,2024-02-14,62,%
HR,2024-02-14,66,%
HR,2024-02-14,67,%
HR,2024-02-14,69,%
HR,2024-02-14,71,%
HR,2024-02-15,74,%
HR,2024-02-15,73,%
HR,2024-02-15,73,%
HR,2024-02-15,76,%
HR,2024-02-15,76,%
HR,2024-02-15,75,%
HR,2024-02-15,74,%
HR,2024-02-15,76,%
HR,2024-02-15,78,%
HR,2024-02-15,80,%
HR,2024-02-15,82,%
HR,2024-02-15,84,%
HR,2024-02-15,85,%
HR,2024-02-15,86,%
HR,2024-02-15,86,%
HR,2024-02-16,86,%
HR,2024-02-16,86,%
HR,2024-02-16,86,%
HR,2024-02-16,86,%
HR,2024-02-16,86,%
HR,2024-02-16,85,%
HR,2024-02-16,84,%
HR,2024-02-16,84,%
HR,2024-02-16,84,%
HR,2024-02-16,83,%
HR,2024-02-16,82,%
HR,2024-02-16,80,%
HR,2024-02-16,78,%
HR,2024-02-16,74,%
HR,2024-02-16,72,%
HR,2024-02-16,77,%
HR,2024-02-16,80,%
HR,2024-02-16,80,%
HR,2024-02-16,80,%
HR,2024-02-16,80,%
HR,2024-02-16,82,%
HR,2024-02-16,83,%
HR,2024-02-16,83,%
HR,2024-02-16,84,%
HR,2024-02-17,85,%
HR,2024-02-17,86,%
HR,2024-02-17,86,%
HR,2024-02-17,86,%
HR,2024-02-17,86,%
HR,2024-02-17,86,%
HR,2024-02-17,86,%
HR,2024-02-17,86,%
HR,2024-02-17,87,%
HR,2024-02-17,88,%
HR,2024-02-17,88,%
HR,2024-02-17,88,%
HR,2024-02-17,88,%
HR,2024-02-17,88,%
HR,2024-02-17,87,%
HR,2024-02-17,88,%
HR,2024-02-17,88,%
HR,2024-02-17,88,%
HR,2024-02-17,88,%
HR,2024-02-17,88,%
HR,2024-02-17,88,%
HR,2024-02-18,88,%
HR,2024-02-18,87,%
HR,2024-02-18,87,%
HR,2024-02-18,87,%
HR,2024-02-18,85,%
HR,2024-02-18,82,%
HR,2024-02-18,74,%
HR,2024-02-18,75,%
HR,2024-02-19,79,%
HR,2024-02-19,80,%
HR,2024-02-19,81,%
HR,2024-02-19,82,%
HR,2024-02-19,83,%
HR,2024-02-19,82,%
HR,2024-02-19,80,%
HR,2024-02-19,78,%
HR,2024-02-19,77,%
HR,2024-02-19,71,%
HR,2024-02-19,62,%
HR,2024-02-19,55,%
HR,2024-02-19,45,%
HR,2024-02-19,35,%
HR,2024-02-19,35,%
HR,2024-02-19,34,%
HR,2024-02-19,32,%
HR,2024-02-19,32,%
HR,2024-02-19,34,%
HR,2024-02-19,42,%
HR,2024-02-19,49,%
HR,2024-02-19,53,%
HR,2024-02-19,59,%
HR,2024-02-19,64,%
HR,2024-02-20,69,%
HR,2024-02-20,71,%
HR,2024-02-20,75,%
HR,2024-02-20,75,%
HR,2024-02-20,73,%
HR,2024-02-20,69,%
HR,2024-02-20,65,%
HR,2024-02-20,62,%
HR,2024-02-20,58,%
HR,2024-02-20,50,%
HR,2024-02-20,42,%
HR,2024-02-20,34,%
HR,2024-02-20,23,%
HR,2024-02-20,20,%
HR,2024-02-20,19,%
HR,2024-02-20,19,%
HR,2024-02-20,21,%
HR,2024-02-20,22,%
HR,2024-02-20,24,%
HR,2024-02-20,30,%
HR,2024-02-20,37,%
HR,2024-02-20,41,%
HR,2024-02-20,45,%
HR,2024-02-20,48,%
HR,2024-02-21,53,%
HR,2024-02-21,61,%
HR,2024-02-21,67,%
HR,2024-02-21,70,%
HR,2024-02-21,72,%
HR,2024-02-21,72,%
HR,2024-02-21,69,%
HR,2024-02-21,68,%
HR,2024-02-21,65,%
HR,2024-02-21,54,%
HR,2024-02-21,40,%
HR,2024-02-21,30,%
HR,2024-02-21,19,%
HR,2024-02-21,20,%
HR,2024-02-21,22,%
HR,2024-02-21,23,%
HR,2024-02-21,32,%
HR,2024-02-21,34,%
HR,2024-02-21,34,%
HR,2024-02-21,38,%
HR,2024-02-21,40,%
HR,2024-02-21,45,%
HR,2024-02-21,48,%
HR,2024-02-21,54,%
HR,2024-02-22,57,%
HR,2024-02-22,63,%
HR,2024-02-22,66,%
HR,2024-02-22,67,%
HR,2024-02-22,66,%
HR,2024-02-22,62,%
HR,2024-02-22,54,%
HR,2024-02-22,42,%
HR,2024-02-22,31,%
HR,2024-02-22,25,%
HR,2024-02-22,20,%
HR,2024-02-22,12,%
HR,2024-02-22,10,%
HR,2024-02-22,8,%
HR,2024-02-22,7,%
HR,2024-02-22,3,%
HR,2024-02-22,1,%
HR,2024-02-22,2,%
HR,2024-02-22,1,%
HR,2024-02-22,16,%
HR,2024-02-22,31,%
HR,2024-02-22,36,%
HR,2024-02-22,40,%
HR,2024-02-22,44,%
HR,2024-02-23,49,%
HR,2024-02-23,53,%
HR,2024-02-23,56,%
HR,2024-02-23,59,%
HR,2024-02-23,63,%
HR,2024-02-23,66,%
HR,2024-02-23,68,%
HR,2024-02-23,70,%
HR,2024-02-23,72,%
HR,2024-02-23,66,%
HR,2024-02-23,46,%
HR,2024-02-23,33,%
HR,2024-02-23,36,%
HR,2024-02-23,37,%
HR,2024-02-23,39,%
HR,2024-02-23,39,%
HR,2024-02-23,41,%
HR,2024-02-23,43,%
HR,2024-02-23,46,%
HR,2024-02-23,49,%
HR,2024-02-23,40,%
HR,2024-02-23,36,%
HR,2024-02-23,35,%
HR,2024-02-23,37,%
HR,2024-02-24,38,%
HR,2024-02-24,40,%
HR,2024-02-24,45,%
HR,2024-02-24,48,%
HR,2024-02-24,49,%
HR,2024-02-24,55,%
HR,2024-02-24,56,%
HR,2024-02-24,55,%
HR,2024-02-24,54,%
HR,2024-02-24,49,%
HR,2024-02-24,37,%
HR,2024-02-24,25,%
HR,2024-02-24,25,%
HR,2024-02-24,23,%
HR,2024-02-24,25,%
HR,2024-02-24,26,%
HR,2024-02-24,28,%
HR,2024-02-24,29,%
HR,2024-02-24,29,%
HR,2024-02-24,32,%
HR,2024-02-24,36,%
HR,2024-02-24,45,%
HR,2024-02-24,55,%
HR,2024-02-25,60,%
HR,2024-02-25,64,%
HR,2024-02-25,68,%
HR,2024-02-25,71,%
HR,2024-02-25,73,%
HR,2024-02-25,71,%
HR,2024-02-25,70,%
HR,2024-02-25,68,%
HR,2024-02-25,66,%
HR,2024-02-25,60,%
HR,2024-02-25,51,%
HR,2024-02-25,40,%
HR,2024-02-25,32,%
HR,2024-02-25,26,%
HR,2024-02-25,20,%
HR,2024-02-25,22,%
HR,2024-02-25,20,%
HR,2024-02-25,18,%
HR,2024-02-25,22,%
HR,2024-02-25,32,%
HR,2024-02-25,37,%
HR,2024-02-25,41,%
HR,2024-02-25,48,%
HR,2024-02-25,54,%
HR,2024-02-26,59,%
HR,2024-02-26,62,%
HR,2024-02-26,50,%
HR,2024-02-26,43,%
HR,2024-02-26,36,%
HR,2024-02-26,31,%
HR,2024-02-26,21,%
HR,2024-02-26,16,%
HR,2024-02-26,15,%
HR,2024-02-26,14,%
HR,2024-02-26,17,%
HR,2024-02-26,18,%
HR,2024-02-26,25,%
HR,2024-02-26,32,%
HR,2024-02-26,35,%
HR,2024-02-26,38,%
HR,2024-02-26,41,%
HR,2024-02-26,42,%
HR,2024-02-27,49,%
HR,2024-02-27,50,%
HR,2024-02-27,53,%
HR,2024-02-27,52,%
HR,2024-02-27,46,%
HR,2024-02-27,43,%
HR,2024-02-27,42,%
HR,2024-02-27,47,%
HR,2024-02-27,47,%
HR,2024-02-27,33,%
HR,2024-02-27,18,%
HR,2024-02-27,9,%
HR,2024-02-27,7,%
HR,2024-02-27,6,%
HR,2024-02-27,4,%
HR,2024-02-27,4,%
HR,2024-02-27,3,%
HR,2024-02-27,3,%
HR,2024-02-27,4,%
HR,2024-02-27,8,%
HR,2024-02-27,12,%
HR,2024-02-27,12,%
HR,2024-02-27,19,%
HR,2024-02-27,28,%
HR,2024-02-28,35,%
HR,2024-02-28,34,%
HR,2024-02-28,34,%
HR,2024-02-28,38,%
HR,2024-02-28,34,%
HR,2024-02-28,35,%
HR,2024-02-28,34,%
HR,2024-02-28,30,%
HR,2024-02-28,29,%
HR,2024-02-28,26,%
HR,2024-02-28,17,%
HR,2024-02-28,12,%
HR,2024-02-28,11,%
HR,2024-02-28,11,%
HR,2024-02-28,27,%
HR,2024-02-28,41,%
HR,2024-02-28,47,%
HR,2024-02-28,42,%
HR,2024-02-28,35,%
HR,2024-02-28,32,%
HR,2024-02-28,30,%
HR,2024-02-28,30,%
HR,2024-02-28,31,%
HR,2024-02-28,32,%
HR,2024-02-29,32,%
HR,2024-02-29,33,%
HR,2024-02-29,34,%
HR,2024-02-29,35,%
HR,2024-02-29,36,%
HR,2024-02-29,38,%
HR,2024-02-29,40,%
HR,2024-02-29,42,%
HR,2024-02-29,41,%
HR,2024-02-29,39,%
HR,2024-02-29,38,%
HR,2024-02-29,37,%
HR,2024-02-29,37,%
HR,2024-02-29,37,%
HR,2024-02-29,38,%
HR,2024-02-29,37,%
HR,2024-02-29,36,%
HR,2024-02-29,36,%
HR,2024-02-29,37,%
HR,2024-02-29,39,%
HR,2024-02-29,41,%
HR,2024-02-29,44,%
HR,2024-02-29,47,%
HR,2024-02-29,48,%
HR,2024-03-01,52,%
HR,2024-03-01,57,%
HR,2024-03-01,57,%
HR,2024-03-01,58,%
HR,2024-03-01,45,%
HR,2024-03-01,27,%
HR,2024-03-01,25,%
HR,2024-03-01,25,%
HR,2024-03-01,26,%
HR,2024-03-01,29,%
HR,2024-03-01,37,%
HR,2024-03-01,46,%
HR,2024-03-01,52,%
HR,2024-03-01,56,%
HR,2024-03-02,58,%
HR,2024-03-02,62,%
HR,2024-03-02,65,%
HR,2024-03-02,68,%
HR,2024-03-02,68,%
HR,2024-03-02,67,%
HR,2024-03-02,62,%
HR,2024-03-02,59,%
HR,2024-03-02,59,%
HR,2024-03-02,49,%
HR,2024-03-02,37,%
HR,2024-03-02,28,%
HR,2024-03-02,17,%
HR,2024-03-02,14,%
HR,2024-03-02,15,%
HR,2024-03-02,16,%
HR,2024-03-02,16,%
HR,2024-03-02,18,%
HR,2024-03-02,22,%
HR,2024-03-02,26,%
HR,2024-03-02,30,%
HR,2024-03-02,32,%
HR,2024-03-02,39,%
HR,2024-03-02,48,%
HR,2024-03-03,56,%
HR,2024-03-03,64,%
HR,2024-03-03,68,%
HR,2024-03-03,74,%
HR,2024-03-03,76,%
HR,2024-03-03,74,%
HR,2024-03-03,67,%
HR,2024-03-03,64,%
HR,2024-03-03,58,%
HR,2024-03-03,48,%
HR,2024-03-03,38,%
HR,2024-03-03,31,%
HR,2024-03-03,14,%
HR,2024-03-03,8,%
HR,2024-03-03,6,%
HR,2024-03-03,6,%
HR,2024-03-03,5,%
HR,2024-03-03,6,%
HR,2024-03-03,28,%
HR,2024-03-03,43,%
HR,2024-03-03,54,%
HR,2024-03-03,58,%
HR,2024-03-03,59,%
HR,2024-03-03,63,%
HR,2024-03-04,65,%
HR,2024-03-04,68,%
HR,2024-03-04,74,%
HR,2024-03-04,81,%
HR,2024-03-04,84,%
HR,2024-03-04,85,%
HR,2024-03-04,85,%
HR,2024-03-04,84,%
HR,2024-03-04,76,%
HR,2024-03-04,62,%
HR,2024-03-04,51,%
HR,2024-03-04,51,%
HR,2024-03-04,41,%
HR,2024-03-04,35,%
HR,2024-03-04,33,%
HR,2024-03-04,19,%
HR,2024-03-04,19,%
HR,2024-03-04,38,%
HR,2024-03-04,46,%
HR,2024-03-04,45,%
HR,2024-03-04,51,%
HR,2024-03-04,56,%
HR,2024-03-04,57,%
HR,2024-03-04,67,%
HR,2024-03-05,76,%
HR,2024-03-05,78,%
HR,2024-03-05,77,%
HR,2024-03-05,75,%
HR,2024-03-05,78,%
HR,2024-03-05,76,%
HR,2024-03-05,65,%
HR,2024-03-05,54,%
HR,2024-03-05,48,%
HR,2024-03-05,43,%
HR,2024-03-05,26,%
HR,2024-03-05,17,%
HR,2024-03-05,9,%
HR,2024-03-05,8,%
HR,2024-03-05,7,%
HR,2024-03-05,7,%
HR,2024-03-05,7,%
HR,2024-03-05,9,%
HR,2024-03-05,21,%
HR,2024-03-05,30,%
HR,2024-03-05,34,%
HR,2024-03-05,39,%
HR,2024-03-05,44,%
HR,2024-03-06,46,%
HR,2024-03-06,50,%
HR,2024-03-06,55,%
HR,2024-03-06,60,%
HR,2024-03-06,65,%
HR,2024-03-06,71,%
HR,2024-03-06,79,%
HR,2024-03-06,84,%
HR,2024-03-06,84,%
HR,2024-03-06,80,%
HR,2024-03-06,71,%
HR,2024-03-06,63,%
HR,2024-03-06,60,%
HR,2024-03-06,52,%
HR,2024-03-06,46,%
HR,2024-03-06,48,%
HR,2024-03-06,45,%
HR,2024-03-06,46,%
HR,2024-03-06,46,%
HR,2024-03-06,45,%
HR,2024-03-06,47,%
HR,2024-03-06,49,%
HR,2024-03-06,55,%
HR,2024-03-06,67,%
HR,2024-03-07,74,%
HR,2024-03-07,78,%
HR,2024-03-07,80,%
HR,2024-03-07,82,%
HR,2024-03-07,83,%
HR,2024-03-07,83,%
HR,2024-03-07,83,%
HR,2024-03-07,83,%
HR,2024-03-07,82,%
HR,2024-03-07,79,%
HR,2024-03-07,72,%
HR,2024-03-07,62,%
HR,2024-03-07,40,%
HR,2024-03-07,18,%
HR,2024-03-07,17,%
HR,2024-03-07,27,%
HR,2024-03-07,33,%
HR,2024-03-07,35,%
HR,2024-03-07,37,%
HR,2024-03-07,42,%
HR,2024-03-07,52,%
HR,2024-03-07,54,%
HR,2024-03-07,56,%
HR,2024-03-07,58,%
HR,2024-03-08,61,%
HR,2024-03-08,64,%
HR,2024-03-08,65,%
HR,2024-03-08,67,%
HR,2024-03-08,63,%
HR,2024-03-08,12,%
HR,2024-03-08,11,%
HR,2024-03-08,11,%
HR,2024-03-08,11,%
HR,2024-03-08,12,%
HR,2024-03-08,12,%
HR,2024-03-08,9,%
HR,2024-03-08,9,%
HR,2024-03-08,9,%
HR,2024-03-08,8,%
HR,2024-03-08,11,%
HR,2024-03-08,11,%
HR,2024-03-08,11,%
HR,2024-03-08,11,%
HR,2024-03-08,14,%
HR,2024-03-08,19,%
HR,2024-03-08,20,%
HR,2024-03-08,21,%
HR,2024-03-09,24,%
HR,2024-03-09,24,%
HR,2024-03-09,18,%
HR,2024-03-09,16,%
HR,2024-03-09,19,%
HR,2024-03-09,27,%
HR,2024-03-09,34,%
HR,2024-03-09,39,%
HR,2024-03-09,45,%
HR,2024-03-09,48,%
HR,2024-03-09,48,%
HR,2024-03-09,41,%
HR,2024-03-09,36,%
HR,2024-03-09,32,%
HR,2024-03-09,32,%
HR,2024-03-09,31,%
HR,2024-03-09,31,%
HR,2024-03-09,32,%
HR,2024-03-09,33,%
HR,2024-03-09,34,%
HR,2024-03-09,36,%
HR,2024-03-09,37,%
HR,2024-03-09,39,%
HR,2024-03-09,39,%
HR,2024-03-10,39,%
HR,2024-03-10,40,%
HR,2024-03-10,41,%
HR,2024-03-10,43,%
HR,2024-03-10,44,%
HR,2024-03-10,45,%
HR,2024-03-10,48,%
HR,2024-03-10,53,%
HR,2024-03-10,55,%
HR,2024-03-10,56,%
HR,2024-03-10,53,%
HR,2024-03-10,51,%
HR,2024-03-10,49,%
HR,2024-03-10,47,%
HR,2024-03-10,45,%
HR,2024-03-10,44,%
HR,2024-03-10,44,%
HR,2024-03-10,46,%
HR,2024-03-10,48,%
HR,2024-03-10,49,%
HR,2024-03-10,49,%
HR,2024-03-10,49,%
HR,2024-03-10,49,%
HR,2024-03-10,49,%
HR,2024-03-11,51,%
HR,2024-03-11,50,%
HR,2024-03-11,50,%
HR,2024-03-11,51,%
HR,2024-03-11,55,%
HR,2024-03-11,58,%
HR,2024-03-11,62,%
HR,2024-03-11,70,%
HR,2024-03-11,73,%
HR,2024-03-11,64,%
HR,2024-03-11,52,%
HR,2024-03-11,52,%
HR,2024-03-11,52,%
HR,2024-03-11,51,%
HR,2024-03-11,49,%
HR,2024-03-11,49,%
HR,2024-03-11,52,%
HR,2024-03-11,53,%
HR,2024-03-11,54,%
HR,2024-03-11,56,%
HR,2024-03-11,60,%
HR,2024-03-11,63,%
HR,2024-03-11,65,%
HR,2024-03-11,67,%
HR,2024-03-12,72,%
HR,2024-03-12,75,%
HR,2024-03-12,77,%
HR,2024-03-12,78,%
HR,2024-03-12,78,%
HR,2024-03-12,78,%
HR,2024-03-12,81,%
HR,2024-03-12,81,%
HR,2024-03-12,83,%
HR,2024-03-12,72,%
HR,2024-03-12,61,%
HR,2024-03-12,50,%
HR,2024-03-12,42,%
HR,2024-03-12,39,%
HR,2024-03-12,40,%
HR,2024-03-12,39,%
HR,2024-03-12,41,%
HR,2024-03-12,44,%
HR,2024-03-12,46,%
HR,2024-03-12,58,%
HR,2024-03-12,58,%
HR,2024-03-12,61,%
HR,2024-03-12,59,%
HR,2024-03-12,61,%
HR,2024-03-13,64,%
HR,2024-03-13,68,%
HR,2024-03-13,67,%
HR,2024-03-13,64,%
HR,2024-03-13,64,%
HR,2024-03-13,69,%
HR,2024-03-13,66,%
HR,2024-03-13,61,%
HR,2024-03-13,57,%
HR,2024-03-13,44,%
HR,2024-03-13,32,%
HR,2024-03-13,18,%
HR,2024-03-13,14,%
HR,2024-03-13,10,%
HR,2024-03-13,9,%
HR,2024-03-13,8,%
HR,2024-03-13,8,%
HR,2024-03-13,6,%
HR,2024-03-13,16,%
HR,2024-03-13,21,%
HR,2024-03-13,25,%
HR,2024-03-13,28,%
HR,2024-03-13,32,%
HR,2024-03-13,34,%
HR,2024-03-14,39,%
HR,2024-03-14,49,%
HR,2024-03-14,59,%
HR,2024-03-14,65,%
HR,2024-03-14,61,%
HR,2024-03-14,45,%
HR,2024-03-14,46,%
HR,2024-03-14,53,%
HR,2024-03-14,70,%
HR,2024-03-14,62,%
HR,2024-03-14,19,%
HR,2024-03-14,12,%
HR,2024-03-14,8,%
HR,2024-03-14,6,%
HR,2024-03-14,6,%
HR,2024-03-14,8,%
HR,2024-03-14,10,%
HR,2024-03-14,17,%
HR,2024-03-14,18,%
HR,2024-03-14,20,%
HR,2024-03-14,29,%
HR,2024-03-14,36,%
HR,2024-03-14,39,%
HR,2024-03-14,42,%
HR,2024-03-15,47,%
HR,2024-03-15,56,%
HR,2024-03-15,63,%
HR,2024-03-15,74,%
HR,2024-03-15,76,%
HR,2024-03-15,76,%
HR,2024-03-15,74,%
HR,2024-03-15,73,%
HR,2024-03-15,66,%
HR,2024-03-15,48,%
HR,2024-03-15,34,%
HR,2024-03-15,38,%
HR,2024-03-15,32,%
HR,2024-03-15,33,%
HR,2024-03-15,29,%
HR,2024-03-15,25,%
HR,2024-03-15,24,%
HR,2024-03-15,25,%
HR,2024-03-15,25,%
HR,2024-03-15,31,%
HR,2024-03-15,36,%
HR,2024-03-15,39,%
HR,2024-03-15,51,%
HR,2024-03-15,67,%
HR,2024-03-16,71,%
HR,2024-03-16,69,%
HR,2024-03-16,71,%
HR,2024-03-16,70,%
HR,2024-03-16,70,%
HR,2024-03-16,71,%
HR,2024-03-16,73,%
HR,2024-03-16,80,%
HR,2024-03-16,84,%
HR,2024-03-16,86,%
HR,2024-03-16,86,%
HR,2024-03-16,86,%
HR,2024-03-16,84,%
HR,2024-03-16,83,%
HR,2024-03-16,80,%
HR,2024-03-16,77,%
HR,2024-03-16,72,%
HR,2024-03-16,71,%
HR,2024-03-16,69,%
HR,2024-03-16,67,%
HR,2024-03-16,68,%
HR,2024-03-16,67,%
HR,2024-03-16,72,%
HR,2024-03-16,74,%
HR,2024-03-17,77,%
HR,2024-03-17,81,%
HR,2024-03-17,83,%
HR,2024-03-17,84,%
HR,2024-03-17,82,%
HR,2024-03-17,83,%
HR,2024-03-17,84,%
HR,2024-03-17,84,%
HR,2024-03-17,83,%
HR,2024-03-17,81,%
HR,2024-03-17,78,%
HR,2024-03-17,70,%
HR,2024-03-17,63,%
HR,2024-03-17,58,%
HR,2024-03-17,55,%
HR,2024-03-17,53,%
HR,2024-03-17,52,%
HR,2024-03-17,54,%
HR,2024-03-17,58,%
HR,2024-03-17,68,%
HR,2024-03-17,74,%
HR,2024-03-17,77,%
HR,2024-03-17,80,%
HR,2024-03-17,80,%
HR,2024-03-18,79,%
HR,2024-03-18,81,%
HR,2024-03-18,82,%
HR,2024-03-18,81,%
HR,2024-03-18,84,%
HR,2024-03-18,86,%
HR,2024-03-18,86,%
HR,2024-03-18,86,%
HR,2024-03-18,86,%
HR,2024-03-18,86,%
HR,2024-03-18,86,%
HR,2024-03-18,85,%
HR,2024-03-18,84,%
HR,2024-03-18,85,%
HR,2024-03-18,85,%
HR,2024-03-18,86,%
HR,2024-03-18,86,%
HR,2024-03-18,85,%
HR,2024-03-18,86,%
HR,2024-03-18,87,%
HR,2024-03-18,87,%
HR,2024-03-18,88,%
HR,2024-03-18,88,%
HR,2024-03-18,88,%
HR,2024-03-19,88,%
HR,2024-03-19,85,%
HR,2024-03-19,75,%
HR,2024-03-19,72,%
HR,2024-03-19,71,%
HR,2024-03-19,68,%
HR,2024-03-19,67,%
HR,2024-03-19,68,%
HR,2024-03-19,67,%
HR,2024-03-19,66,%
HR,2024-03-19,66,%
HR,2024-03-19,70,%
HR,2024-03-19,72,%
HR,2024-03-19,69,%
HR,2024-03-19,71,%
HR,2024-03-19,75,%
HR,2024-03-19,78,%
HR,2024-03-19,79,%
HR,2024-03-19,80,%
HR,2024-03-19,82,%
HR,2024-03-19,83,%
HR,2024-03-19,84,%
HR,2024-03-19,84,%
HR,2024-03-19,83,%
HR,2024-03-20,81,%
HR,2024-03-20,81,%
HR,2024-03-20,81,%
HR,2024-03-20,81,%
HR,2024-03-20,82,%
HR,2024-03-20,82,%
HR,2024-03-20,82,%
HR,2024-03-20,82,%
HR,2024-03-20,81,%
HR,2024-03-20,78,%
HR,2024-03-20,70,%
HR,2024-03-20,60,%
HR,2024-03-20,52,%
HR,2024-03-20,53,%
HR,2024-03-20,55,%
HR,2024-03-20,54,%
HR,2024-03-20,55,%
HR,2024-03-20,58,%
HR,2024-03-20,63,%
HR,2024-03-20,70,%
HR,2024-03-20,76,%
HR,2024-03-20,80,%
HR,2024-03-20,80,%
HR,2024-03-20,82,%
HR,2024-03-21,82,%
HR,2024-03-21,82,%
HR,2024-03-21,82,%
HR,2024-03-21,83,%
HR,2024-03-21,84,%
HR,2024-03-21,84,%
HR,2024-03-21,83,%
HR,2024-03-21,84,%
HR,2024-03-21,83,%
HR,2024-03-21,77,%
HR,2024-03-21,64,%
HR,2024-03-21,55,%
HR,2024-03-21,49,%
HR,2024-03-21,45,%
HR,2024-03-21,41,%
HR,2024-03-21,38,%
HR,2024-03-21,39,%
HR,2024-03-21,44,%
HR,2024-03-21,50,%
HR,2024-03-21,57,%
HR,2024-03-21,63,%
HR,2024-03-21,67,%
HR,2024-03-21,70,%
HR,2024-03-21,72,%
HR,2024-03-22,75,%
HR,2024-03-22,76,%
HR,2024-03-22,77,%
HR,2024-03-22,78,%
HR,2024-03-22,77,%
HR,2024-03-22,77,%
HR,2024-03-22,77,%
HR,2024-03-22,74,%
HR,2024-03-22,69,%
HR,2024-03-22,56,%
HR,2024-03-22,38,%
HR,2024-03-22,29,%
HR,2024-03-22,27,%
HR,2024-03-22,17,%
HR,2024-03-22,18,%
HR,2024-03-22,16,%
HR,2024-03-22,15,%
HR,2024-03-22,12,%
HR,2024-03-22,10,%
HR,2024-03-22,9,%
HR,2024-03-22,13,%
HR,2024-03-22,17,%
HR,2024-03-22,18,%
HR,2024-03-22,20,%
HR,2024-03-23,24,%
HR,2024-03-23,28,%
HR,2024-03-23,33,%
HR,2024-03-23,52,%
HR,2024-03-23,60,%
HR,2024-03-23,63,%
HR,2024-03-23,66,%
HR,2024-03-23,69,%
HR,2024-03-23,69,%
HR,2024-03-23,67,%
HR,2024-03-23,64,%
HR,2024-03-23,60,%
HR,2024-03-23,55,%
HR,2024-03-23,51,%
HR,2024-03-23,48,%
HR,2024-03-23,47,%
HR,2024-03-23,49,%
HR,2024-03-23,49,%
HR,2024-03-23,49,%
HR,2024-03-23,50,%
HR,2024-03-23,51,%
HR,2024-03-23,53,%
HR,2024-03-23,58,%
HR,2024-03-23,65,%
HR,2024-03-24,68,%
HR,2024-03-24,72,%
HR,2024-03-24,75,%
HR,2024-03-24,78,%
HR,2024-03-24,81,%
HR,2024-03-24,83,%
HR,2024-03-24,84,%
HR,2024-03-24,84,%
HR,2024-03-24,85,%
HR,2024-03-24,83,%
HR,2024-03-24,73,%
HR,2024-03-24,60,%
HR,2024-03-24,49,%
HR,2024-03-24,43,%
HR,2024-03-24,40,%
HR,2024-03-24,37,%
HR,2024-03-24,32,%
HR,2024-03-24,34,%
HR,2024-03-24,34,%
HR,2024-03-24,41,%
HR,2024-03-24,45,%
HR,2024-03-24,48,%
HR,2024-03-24,50,%
HR,2024-03-24,51,%
HR,2024-03-25,56,%
HR,2024-03-25,60,%
HR,2024-03-25,44,%
HR,2024-03-25,11,%
HR,2024-03-25,6,%
HR,2024-03-25,4,%
HR,2024-03-25,3,%
HR,2024-03-25,3,%
HR,2024-03-25,3,%
HR,2024-03-25,3,%
HR,2024-03-25,2,%
HR,2024-03-25,1,%
HR,2024-03-25,1,%
HR,2024-03-25,1,%
HR,2024-03-25,1,%
HR,2024-03-25,14,%
HR,2024-03-25,27,%
HR,2024-03-25,31,%
HR,2024-03-25,34,%
HR,2024-03-25,27,%
HR,2024-03-25,26,%
HR,2024-03-25,26,%
HR,2024-03-25,27,%
HR,2024-03-26,28,%
HR,2024-03-26,23,%
HR,2024-03-26,22,%
HR,2024-03-26,22,%
HR,2024-03-26,27,%
HR,2024-03-26,31,%
HR,2024-03-26,31,%
HR,2024-03-26,33,%
HR,2024-03-26,31,%
HR,2024-03-26,20,%
HR,2024-03-26,14,%
HR,2024-03-26,15,%
HR,2024-03-26,14,%
HR,2024-04-03,16,%
HR,2024-04-03,13,%
HR,2024-04-03,12,%
HR,2024-04-03,14,%
HR,2024-04-03,13,%
HR,2024-04-03,14,%
HR,2024-04-03,16,%
HR,2024-04-03,17,%
HR,2024-04-03,20,%
HR,2024-04-03,22,%
HR,2024-04-03,21,%
HR,2024-04-04,23,%
HR,2024-04-04,26,%
HR,2024-04-04,27,%
HR,2024-04-04,28,%
HR,2024-04-04,31,%
HR,2024-04-04,35,%
HR,2024-04-04,38,%
HR,2024-04-04,40,%
HR,2024-04-04,35,%
HR,2024-04-04,28,%
HR,2024-04-04,23,%
HR,2024-04-04,22,%
HR,2024-04-04,22,%
HR,2024-04-04,22,%
HR,2024-04-04,20,%
HR,2024-04-04,20,%
HR,2024-04-04,21,%
HR,2024-04-04,20,%
HR,2024-04-04,21,%
HR,2024-04-04,20,%
HR,2024-04-04,17,%
HR,2024-04-04,15,%
HR,2024-04-04,18,%
HR,2024-04-04,20,%
HR,2024-04-05,21,%
HR,2024-04-05,25,%
HR,2024-04-05,29,%
HR,2024-04-05,32,%
HR,2024-04-05,35,%
HR,2024-04-05,37,%
HR,2024-04-05,37,%
HR,2024-04-05,39,%
HR,2024-04-05,35,%
HR,2024-04-05,33,%
HR,2024-04-05,31,%
HR,2024-04-05,30,%
HR,2024-04-05,28,%
HR,2024-04-05,26,%
HR,2024-04-05,27,%
HR,2024-04-05,30,%
HR,2024-04-05,30,%
HR,2024-04-05,28,%
HR,2024-04-05,29,%
HR,2024-04-05,28,%
HR,2024-04-05,41,%
HR,2024-04-05,53,%
HR,2024-04-05,59,%
HR,2024-04-05,63,%
HR,2024-04-06,66,%
HR,2024-04-06,69,%
HR,2024-04-06,72,%
HR,2024-04-06,75,%
HR,2024-04-06,76,%
HR,2024-04-06,79,%
HR,2024-04-06,79,%
HR,2024-04-06,74,%
HR,2024-04-06,59,%
HR,2024-04-06,34,%
HR,2024-04-06,15,%
HR,2024-04-06,11,%
HR,2024-04-06,8,%
HR,2024-04-06,6,%
HR,2024-04-06,5,%
HR,2024-04-06,5,%
HR,2024-04-06,6,%
HR,2024-04-06,12,%
HR,2024-04-06,19,%
HR,2024-04-06,21,%
HR,2024-04-06,29,%
HR,2024-04-06,34,%
HR,2024-04-06,40,%
HR,2024-04-07,50,%
HR,2024-04-07,61,%
HR,2024-04-07,32,%
HR,2024-04-07,23,%
HR,2024-04-07,17,%
HR,2024-04-07,16,%
HR,2024-04-07,14,%
HR,2024-04-07,13,%
HR,2024-04-07,17,%
HR,2024-04-07,25,%
HR,2024-04-07,24,%
HR,2024-04-07,23,%
HR,2024-04-07,23,%
HR,2024-04-07,23,%
HR,2024-04-07,27,%
HR,2024-04-07,32,%
HR,2024-04-07,39,%
HR,2024-04-07,57,%
HR,2024-04-08,62,%
HR,2024-04-08,63,%
HR,2024-04-08,63,%
HR,2024-04-08,64,%
HR,2024-04-08,65,%
HR,2024-04-08,67,%
HR,2024-04-08,68,%
HR,2024-04-08,70,%
HR,2024-04-08,69,%
HR,2024-04-08,64,%
HR,2024-04-08,54,%
HR,2024-04-08,57,%
HR,2024-04-08,58,%
HR,2024-04-08,65,%
HR,2024-04-08,62,%
HR,2024-04-08,55,%
HR,2024-04-08,52,%
HR,2024-04-08,55,%
HR,2024-04-08,55,%
HR,2024-04-08,58,%
HR,2024-04-08,60,%
HR,2024-04-08,61,%
HR,2024-04-08,64,%
HR,2024-04-08,68,%
HR,2024-04-09,72,%
HR,2024-04-09,74,%
HR,2024-04-09,76,%
HR,2024-04-09,77,%
HR,2024-04-09,78,%
HR,2024-04-09,72,%
HR,2024-04-09,77,%
HR,2024-04-09,82,%
HR,2024-04-09,78,%
HR,2024-04-09,67,%
HR,2024-04-09,25,%
HR,2024-04-09,6,%
HR,2024-04-09,5,%
HR,2024-04-09,4,%
HR,2024-04-09,20,%
HR,2024-04-09,23,%
HR,2024-04-09,21,%
HR,2024-04-09,22,%
HR,2024-04-09,23,%
HR,2024-04-09,26,%
HR,2024-04-09,27,%
HR,2024-04-09,29,%
HR,2024-04-09,36,%
HR,2024-04-09,44,%
HR,2024-04-10,47,%
HR,2024-04-10,34,%
HR,2024-04-10,31,%
HR,2024-04-10,32,%
HR,2024-04-10,35,%
HR,2024-04-10,37,%
HR,2024-04-10,36,%
HR,2024-04-10,33,%
HR,2024-04-10,18,%
HR,2024-04-10,14,%
HR,2024-04-10,10,%
HR,2024-04-10,8,%
HR,2024-04-10,8,%
HR,2024-04-10,7,%
HR,2024-04-10,6,%
HR,2024-04-10,5,%
HR,2024-04-10,4,%
HR,2024-04-10,3,%
HR,2024-04-10,2,%
HR,2024-04-10,2,%
HR,2024-04-10,2,%
HR,2024-04-10,3,%
HR,2024-04-10,5,%
HR,2024-04-10,8,%
HR,2024-04-11,21,%
HR,2024-04-11,23,%
HR,2024-04-11,23,%
HR,2024-04-11,24,%
HR,2024-04-11,29,%
HR,2024-04-11,34,%
HR,2024-04-11,37,%
HR,2024-04-11,38,%
HR,2024-04-11,33,%
HR,2024-04-11,31,%
HR,2024-04-11,26,%
HR,2024-04-11,22,%
HR,2024-04-11,21,%
HR,2024-04-11,17,%
HR,2024-04-11,13,%
HR,2024-04-11,12,%
HR,2024-04-11,13,%
HR,2024-04-11,13,%
HR,2024-04-11,13,%
HR,2024-04-11,14,%
HR,2024-04-11,15,%
HR,2024-04-11,16,%
HR,2024-04-11,18,%
HR,2024-04-11,23,%
HR,2024-04-12,24,%
HR,2024-04-12,25,%
HR,2024-04-12,27,%
HR,2024-04-12,31,%
HR,2024-04-12,32,%
HR,2024-04-12,34,%
HR,2024-04-12,36,%
HR,2024-04-12,37,%
HR,2024-04-12,36,%
HR,2024-04-12,37,%
HR,2024-04-12,35,%
HR,2024-04-12,35,%
HR,2024-04-12,34,%
HR,2024-04-12,32,%
HR,2024-04-12,27,%
HR,2024-04-12,22,%
HR,2024-04-12,20,%
HR,2024-04-12,19,%
HR,2024-04-12,18,%
HR,2024-04-12,25,%
HR,2024-04-12,28,%
HR,2024-04-12,31,%
HR,2024-04-12,34,%
HR,2024-04-12,40,%
HR,2024-04-13,46,%
HR,2024-04-13,51,%
HR,2024-04-13,59,%
HR,2024-04-13,65,%
HR,2024-04-13,71,%
HR,2024-04-13,73,%
HR,2024-04-13,75,%
HR,2024-04-13,77,%
HR,2024-04-13,75,%
HR,2024-04-13,67,%
HR,2024-04-13,57,%
HR,2024-04-13,49,%
HR,2024-04-13,45,%
HR,2024-04-13,44,%
HR,2024-04-13,43,%
HR,2024-04-13,40,%
HR,2024-04-13,40,%
HR,2024-04-13,39,%
HR,2024-04-13,39,%
HR,2024-04-13,39,%
HR,2024-04-13,40,%
HR,2024-04-13,52,%
HR,2024-04-13,57,%
HR,2024-04-13,62,%
HR,2024-04-14,66,%
HR,2024-04-14,67,%
HR,2024-04-14,71,%
HR,2024-04-14,74,%
HR,2024-04-14,74,%
HR,2024-04-14,76,%
HR,2024-04-14,79,%
HR,2024-04-14,79,%
HR,2024-04-14,74,%
HR,2024-04-14,62,%
HR,2024-04-14,48,%
HR,2024-04-14,42,%
HR,2024-04-14,40,%
HR,2024-04-14,36,%
HR,2024-04-14,36,%
HR,2024-04-14,34,%
HR,2024-04-14,31,%
HR,2024-04-14,31,%
HR,2024-04-14,33,%
HR,2024-04-14,36,%
HR,2024-04-14,36,%
HR,2024-04-14,36,%
HR,2024-04-14,47,%
HR,2024-04-14,55,%
HR,2024-04-15,62,%
HR,2024-04-15,67,%
HR,2024-04-15,72,%
HR,2024-04-15,77,%
HR,2024-04-15,80,%
HR,2024-04-15,82,%
HR,2024-04-15,83,%
HR,2024-04-15,84,%
HR,2024-04-15,83,%
HR,2024-04-15,79,%
HR,2024-04-15,68,%
HR,2024-04-15,59,%
HR,2024-04-15,55,%
HR,2024-04-15,49,%
HR,2024-04-15,47,%
HR,2024-04-15,44,%
HR,2024-04-15,39,%
HR,2024-04-15,38,%
HR,2024-04-15,37,%
HR,2024-04-15,37,%
HR,2024-04-15,38,%
HR,2024-04-15,46,%
HR,2024-04-15,61,%
HR,2024-04-15,67,%
HR,2024-04-16,69,%
HR,2024-04-16,72,%
HR,2024-04-16,76,%
HR,2024-04-16,78,%
HR,2024-04-16,79,%
HR,2024-04-16,77,%
HR,2024-04-16,78,%
HR,2024-04-16,77,%
HR,2024-04-16,78,%
HR,2024-04-16,74,%
HR,2024-04-16,73,%
HR,2024-04-16,60,%
HR,2024-04-16,50,%
HR,2024-04-16,42,%
HR,2024-04-16,45,%
HR,2024-04-16,42,%
HR,2024-04-16,39,%
HR,2024-04-16,41,%
HR,2024-04-16,42,%
HR,2024-04-16,45,%
HR,2024-04-16,51,%
HR,2024-04-16,54,%
HR,2024-04-16,59,%
HR,2024-04-16,58,%
HR,2024-04-17,59,%
HR,2024-04-17,61,%
HR,2024-04-17,62,%
HR,2024-04-17,65,%
HR,2024-04-17,69,%
HR,2024-04-17,69,%
HR,2024-04-17,71,%
HR,2024-04-17,73,%
HR,2024-04-17,72,%
HR,2024-04-17,70,%
HR,2024-04-17,66,%
HR,2024-04-17,62,%
HR,2024-04-17,54,%
HR,2024-04-17,51,%
HR,2024-04-17,51,%
HR,2024-04-17,52,%
HR,2024-04-17,55,%
HR,2024-04-17,58,%
HR,2024-04-17,56,%
HR,2024-04-17,58,%
HR,2024-04-17,60,%
HR,2024-04-17,61,%
HR,2024-04-19,47,%
HR,2024-04-19,49,%
HR,2024-04-20,53,%
HR,2024-04-20,51,%
HR,2024-04-20,52,%
HR,2024-04-20,56,%
HR,2024-04-20,59,%
HR,2024-04-20,58,%
HR,2024-04-20,61,%
HR,2024-04-20,63,%
HR,2024-04-21,65,%
HR,2024-04-21,72,%
HR,2024-04-21,75,%
HR,2024-04-21,75,%
HR,2024-04-21,75,%
HR,2024-04-21,75,%
HR,2024-04-21,76,%
HR,2024-04-21,76,%
HR,2024-04-21,78,%
HR,2024-04-21,82,%
HR,2024-04-21,84,%
HR,2024-04-21,85,%
HR,2024-04-21,83,%
HR,2024-04-21,78,%
HR,2024-04-21,79,%
HR,2024-04-21,83,%
HR,2024-04-21,83,%
HR,2024-04-21,79,%
HR,2024-04-21,81,%
HR,2024-04-21,83,%
HR,2024-04-21,85,%
HR,2024-04-21,86,%
HR,2024-04-21,86,%
HR,2024-04-21,87,%
HR,2024-04-22,87,%
HR,2024-04-22,87,%
HR,2024-04-22,88,%
HR,2024-04-22,88,%
HR,2024-04-22,88,%
HR,2024-04-22,89,%
HR,2024-04-22,89,%
HR,2024-04-22,89,%
HR,2024-04-22,89,%
HR,2024-04-22,89,%
HR,2024-04-22,88,%
HR,2024-04-22,88,%
HR,2024-04-22,88,%
HR,2024-04-22,88,%
HR,2024-04-22,88,%
HR,2024-04-22,88,%
HR,2024-04-22,87,%
HR,2024-04-22,88,%
HR,2024-04-22,88,%
HR,2024-04-22,88,%
HR,2024-04-22,88,%
HR,2024-04-22,88,%
HR,2024-04-22,89,%
HR,2024-04-23,58,%
HR,2024-04-23,62,%
HR,2024-04-23,68,%
HR,2024-04-23,73,%
HR,2024-04-23,76,%
HR,2024-04-23,76,%
HR,2024-04-23,75,%
HR,2024-04-25,80,%
HR,2024-04-25,81,%
HR,2024-04-25,81,%
HR,2024-04-25,81,%
HR,2024-04-25,83,%
HR,2024-04-25,83,%
HR,2024-04-25,83,%
HR,2024-04-25,84,%
HR,2024-04-25,85,%
HR,2024-04-25,83,%
HR,2024-04-25,78,%
HR,2024-04-25,68,%
HR,2024-04-25,66,%
HR,2024-04-25,65,%
HR,2024-04-25,61,%
HR,2024-04-25,57,%
HR,2024-04-25,55,%
HR,2024-04-25,53,%
HR,2024-04-25,52,%
HR,2024-04-25,53,%
HR,2024-04-25,53,%
HR,2024-04-25,53,%
HR,2024-04-25,63,%
HR,2024-04-25,66,%
HR,2024-04-26,66,%
HR,2024-04-26,67,%
HR,2024-04-26,71,%
HR,2024-04-26,74,%
HR,2024-04-26,78,%
HR,2024-04-26,80,%
HR,2024-04-26,83,%
HR,2024-04-26,83,%
HR,2024-04-26,83,%
HR,2024-04-26,75,%
HR,2024-04-26,64,%
HR,2024-04-26,57,%
HR,2024-04-26,55,%
HR,2024-04-26,49,%
HR,2024-04-26,44,%
HR,2024-04-26,39,%
HR,2024-04-26,35,%
HR,2024-04-26,35,%
HR,2024-04-26,38,%
HR,2024-04-26,43,%
HR,2024-04-26,39,%
HR,2024-04-26,42,%
HR,2024-04-26,43,%
HR,2024-04-26,49,%
HR,2024-04-27,64,%
HR,2024-04-27,75,%
HR,2024-04-27,80,%
HR,2024-04-27,82,%
HR,2024-04-27,84,%
HR,2024-04-27,84,%
HR,2024-04-27,84,%
HR,2024-04-27,82,%
HR,2024-04-27,79,%
HR,2024-04-27,69,%
HR,2024-04-27,55,%
HR,2024-04-27,42,%
HR,2024-04-27,37,%
HR,2024-04-27,34,%
HR,2024-04-27,33,%
HR,2024-04-27,30,%
HR,2024-04-27,26,%
HR,2024-04-27,18,%
HR,2024-04-27,27,%
HR,2024-04-27,33,%
HR,2024-04-27,38,%
HR,2024-04-27,39,%
HR,2024-04-27,60,%
HR,2024-04-27,68,%
HR,2024-04-28,73,%
HR,2024-04-28,78,%
HR,2024-04-28,81,%
HR,2024-04-28,81,%
HR,2024-04-28,83,%
HR,2024-04-28,84,%
HR,2024-04-28,85,%
HR,2024-04-28,81,%
HR,2024-04-28,44,%
HR,2024-04-28,21,%
HR,2024-04-28,33,%
HR,2024-04-28,30,%
HR,2024-04-28,23,%
HR,2024-04-28,20,%
HR,2024-04-28,16,%
HR,2024-04-28,14,%
HR,2024-04-28,16,%
HR,2024-04-28,14,%
HR,2024-04-28,14,%
HR,2024-04-28,15,%
HR,2024-04-28,17,%
HR,2024-04-28,20,%
HR,2024-04-28,23,%
HR,2024-04-28,25,%
HR,2024-04-29,28,%
HR,2024-04-29,30,%
HR,2024-04-29,40,%
HR,2024-04-29,52,%
HR,2024-04-29,62,%
HR,2024-04-29,67,%
HR,2024-04-29,74,%
HR,2024-04-29,79,%
HR,2024-04-29,68,%
HR,2024-04-29,64,%
HR,2024-04-29,59,%
HR,2024-04-29,53,%
HR,2024-04-29,46,%
HR,2024-04-29,45,%
HR,2024-04-29,43,%
HR,2024-04-29,41,%
HR,2024-04-29,40,%
HR,2024-04-29,42,%
HR,2024-04-29,43,%
HR,2024-04-29,46,%
HR,2024-04-29,49,%
HR,2024-04-29,51,%
HR,2024-04-29,51,%
HR,2024-04-29,55,%
HR,2024-04-30,64,%
HR,2024-04-30,73,%
HR,2024-04-30,76,%
HR,2024-04-30,72,%
HR,2024-04-30,75,%
HR,2024-04-30,77,%
HR,2024-04-30,79,%
HR,2024-04-30,81,%
HR,2024-04-30,75,%
HR,2024-04-30,73,%
HR,2024-04-30,72,%
HR,2024-04-30,65,%
HR,2024-04-30,45,%
HR,2024-04-30,45,%
HR,2024-04-30,46,%
HR,2024-04-30,47,%
HR,2024-04-30,51,%
HR,2024-04-30,53,%
HR,2024-04-30,61,%
HR,2024-04-30,68,%
HR,2024-05-01,74,%
HR,2024-05-01,80,%
HR,2024-05-01,84,%
HR,2024-05-01,85,%
HR,2024-05-01,86,%
HR,2024-05-01,86,%
HR,2024-05-01,86,%
HR,2024-05-01,86,%
HR,2024-05-01,84,%
HR,2024-05-01,75,%
HR,2024-05-01,63,%
HR,2024-05-01,59,%
HR,2024-05-01,57,%
HR,2024-05-01,51,%
HR,2024-05-01,49,%
HR,2024-05-01,47,%
HR,2024-05-01,46,%
HR,2024-05-01,43,%
HR,2024-05-01,46,%
HR,2024-05-01,50,%
HR,2024-05-01,59,%
HR,2024-05-01,68,%
HR,2024-05-01,74,%
HR,2024-05-02,76,%
HR,2024-05-02,77,%
HR,2024-05-02,78,%
HR,2024-05-02,79,%
HR,2024-05-02,81,%
HR,2024-05-02,82,%
HR,2024-05-02,82,%
HR,2024-05-02,83,%
HR,2024-05-02,3,%
HR,2024-05-02,1,%
HR,2024-05-02,2,%
HR,2024-05-02,7,%
HR,2024-05-02,40,%
HR,2024-05-02,50,%
HR,2024-05-02,55,%
HR,2024-05-02,56,%
HR,2024-05-02,61,%
HR,2024-05-03,66,%
HR,2024-05-03,70,%
HR,2024-05-03,76,%
HR,2024-05-03,79,%
HR,2024-05-03,82,%
HR,2024-05-03,83,%
HR,2024-05-03,82,%
HR,2024-05-03,79,%
HR,2024-05-03,72,%
HR,2024-05-03,58,%
HR,2024-05-03,50,%
HR,2024-05-03,48,%
HR,2024-05-03,49,%
HR,2024-05-03,47,%
HR,2024-05-03,48,%
HR,2024-05-03,46,%
HR,2024-05-03,47,%
HR,2024-05-03,51,%
HR,2024-05-03,55,%
HR,2024-05-03,57,%
HR,2024-05-03,60,%
HR,2024-05-03,63,%
HR,2024-05-03,66,%
HR,2024-05-03,73,%
HR,2024-05-04,75,%
HR,2024-05-04,73,%
HR,2024-05-04,71,%
HR,2024-05-04,75,%
HR,2024-05-04,75,%
HR,2024-05-04,75,%
HR,2024-05-04,75,%
HR,2024-05-04,75,%
HR,2024-05-04,77,%
HR,2024-05-04,76,%
HR,2024-05-04,68,%
HR,2024-05-04,58,%
HR,2024-05-04,58,%
HR,2024-05-04,58,%
HR,2024-05-04,57,%
HR,2024-05-04,58,%
HR,2024-05-04,57,%
HR,2024-05-04,56,%
HR,2024-05-04,58,%
HR,2024-05-04,61,%
HR,2024-05-04,65,%
HR,2024-05-04,69,%
HR,2024-05-04,72,%
HR,2024-05-04,75,%
HR,2024-05-05,77,%
HR,2024-05-05,79,%
HR,2024-05-05,81,%
HR,2024-05-05,83,%
HR,2024-05-05,82,%
HR,2024-05-05,82,%
HR,2024-05-05,82,%
HR,2024-05-05,78,%
HR,2024-05-05,69,%
HR,2024-05-05,61,%
HR,2024-05-05,58,%
HR,2024-05-05,55,%
HR,2024-05-05,50,%
HR,2024-05-05,48,%
HR,2024-05-05,46,%
HR,2024-05-05,44,%
HR,2024-05-05,42,%
HR,2024-05-05,43,%
HR,2024-05-05,43,%
HR,2024-05-05,44,%
HR,2024-05-05,47,%
HR,2024-05-05,51,%
HR,2024-05-05,64,%
HR,2024-05-05,72,%
HR,2024-05-06,74,%
HR,2024-05-06,74,%
HR,2024-05-06,74,%
HR,2024-05-06,74,%
HR,2024-05-06,76,%
HR,2024-05-06,80,%
HR,2024-05-06,82,%
HR,2024-05-06,83,%
HR,2024-05-06,82,%
HR,2024-05-06,79,%
HR,2024-05-06,68,%
HR,2024-05-06,58,%
HR,2024-05-06,53,%
HR,2024-05-06,46,%
HR,2024-05-06,45,%
HR,2024-05-06,43,%
HR,2024-05-06,37,%
HR,2024-05-06,35,%
HR,2024-05-06,35,%
HR,2024-05-06,38,%
HR,2024-05-06,40,%
HR,2024-05-06,43,%
HR,2024-05-06,44,%
HR,2024-05-06,58,%
HR,2024-05-07,70,%
HR,2024-05-07,76,%
HR,2024-05-07,79,%
HR,2024-05-07,81,%
HR,2024-05-07,83,%
HR,2024-05-07,83,%
HR,2024-05-07,78,%
HR,2024-05-07,62,%
HR,2024-05-07,43,%
HR,2024-05-07,19,%
HR,2024-05-07,3,%
HR,2024-05-07,10,%
HR,2024-05-07,28,%
HR,2024-05-07,30,%
HR,2024-05-07,34,%
HR,2024-05-07,45,%
HR,2024-05-07,53,%
HR,2024-05-07,54,%
HR,2024-05-07,59,%
HR,2024-05-07,63,%
HR,2024-05-08,66,%
HR,2024-05-08,70,%
HR,2024-05-08,74,%
HR,2024-05-08,77,%
HR,2024-05-08,79,%
HR,2024-05-08,81,%
HR,2024-05-08,81,%
HR,2024-05-08,78,%
HR,2024-05-08,67,%
HR,2024-05-08,26,%
HR,2024-05-08,11,%
HR,2024-05-08,5,%
HR,2024-05-08,2,%
HR,2024-05-08,35,%
HR,2024-05-08,36,%
HR,2024-05-08,31,%
HR,2024-05-08,31,%
HR,2024-05-09,33,%
HR,2024-05-09,34,%
HR,2024-05-09,37,%
HR,2024-05-09,40,%
HR,2024-05-09,39,%
HR,2024-05-09,43,%
HR,2024-05-09,43,%
HR,2024-05-09,39,%
HR,2024-05-09,28,%
HR,2024-05-09,7,%
HR,2024-05-09,4,%
HR,2024-05-09,3,%
HR,2024-05-09,1,%
HR,2024-05-09,15,%
HR,2024-05-09,20,%
HR,2024-05-09,20,%
HR,2024-05-09,21,%
HR,2024-05-09,23,%
HR,2024-05-09,24,%
HR,2024-05-09,24,%
HR,2024-05-10,23,%
HR,2024-05-10,31,%
HR,2024-05-10,38,%
HR,2024-05-10,41,%
HR,2024-05-10,43,%
HR,2024-05-10,46,%
HR,2024-05-10,48,%
HR,2024-05-10,58,%
HR,2024-05-10,59,%
HR,2024-05-10,21,%
HR,2024-05-10,44,%
HR,2024-05-10,44,%
HR,2024-05-10,41,%
HR,2024-05-10,42,%
HR,2024-05-10,44,%
HR,2024-05-10,46,%
HR,2024-05-10,49,%
HR,2024-05-10,49,%
HR,2024-05-10,52,%
HR,2024-05-10,55,%
HR,2024-05-10,60,%
HR,2024-05-10,63,%
HR,2024-05-11,66,%
HR,2024-05-11,70,%
HR,2024-05-11,76,%
HR,2024-05-11,82,%
HR,2024-05-11,83,%
HR,2024-05-11,84,%
HR,2024-05-11,83,%
HR,2024-05-11,81,%
HR,2024-05-11,81,%
HR,2024-05-11,82,%
HR,2024-05-11,83,%
HR,2024-05-11,82,%
HR,2024-05-11,77,%
HR,2024-05-11,74,%
HR,2024-05-11,75,%
HR,2024-05-11,76,%
HR,2024-05-11,77,%
HR,2024-05-11,75,%
HR,2024-05-11,71,%
HR,2024-05-11,70,%
HR,2024-05-11,69,%
HR,2024-05-11,67,%
HR,2024-05-11,67,%
HR,2024-05-11,68,%
HR,2024-05-12,72,%
HR,2024-05-12,74,%
HR,2024-05-12,75,%
HR,2024-05-12,76,%
HR,2024-05-12,78,%
HR,2024-05-12,79,%
HR,2024-05-12,80,%
HR,2024-05-12,81,%
HR,2024-05-12,81,%
HR,2024-05-12,78,%
HR,2024-05-12,70,%
HR,2024-05-12,62,%
HR,2024-05-13,5,%
HR,2024-05-13,4,%
HR,2024-05-13,3,%
HR,2024-05-13,2,%
HR,2024-05-13,2,%
HR,2024-05-13,2,%
HR,2024-05-13,38,%
HR,2024-05-13,50,%
HR,2024-05-13,49,%
HR,2024-05-13,46,%
HR,2024-05-14,45,%
HR,2024-05-14,48,%
HR,2024-05-14,53,%
HR,2024-05-14,58,%
HR,2024-05-14,60,%
HR,2024-05-14,61,%
HR,2024-05-14,61,%
HR,2024-05-14,63,%
HR,2024-05-14,65,%
HR,2024-05-14,56,%
HR,2024-05-14,43,%
HR,2024-05-14,39,%
HR,2024-05-14,36,%
HR,2024-05-14,35,%
HR,2024-05-14,34,%
HR,2024-05-14,34,%
HR,2024-05-14,34,%
HR,2024-05-14,32,%
HR,2024-05-14,33,%
HR,2024-05-14,41,%
HR,2024-05-14,49,%
HR,2024-05-14,48,%
HR,2024-05-15,37,%
HR,2024-05-15,43,%
HR,2024-05-15,53,%
HR,2024-05-15,58,%
HR,2024-05-15,60,%
HR,2024-05-15,69,%
HR,2024-05-15,76,%
HR,2024-05-15,78,%
HR,2024-05-15,73,%
HR,2024-05-15,67,%
HR,2024-05-15,63,%
HR,2024-05-15,59,%
HR,2024-05-15,54,%
HR,2024-05-15,52,%
HR,2024-05-15,50,%
HR,2024-05-15,47,%
HR,2024-05-15,44,%
HR,2024-05-15,44,%
HR,2024-05-15,44,%
HR,2024-05-15,44,%
HR,2024-05-15,46,%
HR,2024-05-15,50,%
HR,2024-05-15,57,%
HR,2024-05-15,66,%
HR,2024-05-16,74,%
HR,2024-05-16,76,%
HR,2024-05-16,78,%
HR,2024-05-16,78,%
HR,2024-05-16,79,%
HR,2024-05-16,80,%
HR,2024-05-16,81,%
HR,2024-05-16,80,%
HR,2024-05-16,5,%
HR,2024-05-16,6,%
HR,2024-05-16,6,%
HR,2024-05-16,4,%
HR,2024-05-16,4,%
HR,2024-05-16,5,%
HR,2024-05-16,30,%
HR,2024-05-16,34,%
HR,2024-05-16,37,%
HR,2024-05-16,39,%
HR,2024-05-17,53,%
HR,2024-05-17,59,%
HR,2024-05-17,64,%
HR,2024-05-17,73,%
HR,2024-05-17,76,%
HR,2024-05-17,79,%
HR,2024-05-17,78,%
HR,2024-05-17,77,%
HR,2024-05-17,75,%
HR,2024-05-17,62,%
HR,2024-05-17,54,%
HR,2024-05-17,53,%
HR,2024-05-17,52,%
HR,2024-05-17,49,%
HR,2024-05-17,50,%
HR,2024-05-17,50,%
HR,2024-05-17,51,%
HR,2024-05-17,53,%
HR,2024-05-17,56,%
HR,2024-05-17,61,%
HR,2024-05-17,64,%
HR,2024-05-17,66,%
HR,2024-05-17,68,%
HR,2024-05-18,70,%
HR,2024-05-18,71,%
HR,2024-05-18,73,%
HR,2024-05-18,73,%
HR,2024-05-18,73,%
HR,2024-05-18,74,%
HR,2024-05-18,75,%
HR,2024-05-18,75,%
HR,2024-05-18,70,%
HR,2024-05-18,60,%
HR,2024-05-18,47,%
HR,2024-05-18,37,%
HR,2024-05-18,29,%
HR,2024-05-18,21,%
HR,2024-05-18,23,%
HR,2024-05-18,20,%
HR,2024-05-18,20,%
HR,2024-05-18,22,%
HR,2024-05-18,22,%
HR,2024-05-18,23,%
HR,2024-05-18,32,%
HR,2024-05-18,35,%
HR,2024-05-18,41,%
HR,2024-05-18,44,%
HR,2024-05-19,48,%
HR,2024-05-19,51,%
HR,2024-05-19,55,%
HR,2024-05-19,69,%
HR,2024-05-19,76,%
HR,2024-05-19,78,%
HR,2024-05-19,80,%
HR,2024-05-19,81,%
HR,2024-05-19,79,%
HR,2024-05-19,68,%
HR,2024-05-19,54,%
HR,2024-05-19,46,%
HR,2024-05-19,39,%
HR,2024-05-19,31,%
HR,2024-05-19,23,%
HR,2024-05-19,21,%
HR,2024-05-19,20,%
HR,2024-05-19,19,%
HR,2024-05-19,20,%
HR,2024-05-19,22,%
HR,2024-05-19,24,%
HR,2024-05-19,26,%
HR,2024-05-19,31,%
HR,2024-05-19,33,%
HR,2024-05-20,46,%
HR,2024-05-20,60,%
HR,2024-05-20,66,%
HR,2024-05-20,71,%
HR,2024-05-20,74,%
HR,2024-05-20,76,%
HR,2024-05-20,79,%
HR,2024-05-20,80,%
HR,2024-05-20,73,%
HR,2024-05-20,62,%
HR,2024-05-20,56,%
HR,2024-05-20,48,%
HR,2024-05-20,42,%
HR,2024-05-20,39,%
HR,2024-05-20,38,%
HR,2024-05-20,37,%
HR,2024-05-20,35,%
HR,2024-05-20,31,%
HR,2024-05-20,32,%
HR,2024-05-20,33,%
HR,2024-05-20,32,%
HR,2024-05-20,35,%
HR,2024-05-20,48,%
HR,2024-05-20,57,%
HR,2024-05-21,64,%
HR,2024-05-21,69,%
HR,2024-05-21,73,%
HR,2024-05-21,75,%
HR,2024-05-21,76,%
HR,2024-05-21,78,%
HR,2024-05-21,79,%
HR,2024-05-21,81,%
HR,2024-05-21,78,%
HR,2024-05-21,70,%
HR,2024-05-21,58,%
HR,2024-05-21,51,%
HR,2024-05-21,49,%
HR,2024-05-21,44,%
HR,2024-05-21,40,%
HR,2024-05-21,35,%
HR,2024-05-21,35,%
HR,2024-05-21,35,%
HR,2024-05-21,35,%
HR,2024-05-21,34,%
HR,2024-05-21,34,%
HR,2024-05-21,35,%
HR,2024-05-21,54,%
HR,2024-05-21,60,%
HR,2024-05-22,63,%
HR,2024-05-22,66,%
HR,2024-05-22,66,%
HR,2024-05-22,60,%
HR,2024-05-22,66,%
HR,2024-05-22,71,%
HR,2024-05-22,72,%
HR,2024-05-22,75,%
HR,2024-05-22,75,%
HR,2024-05-22,70,%
HR,2024-05-22,63,%
HR,2024-05-22,51,%
HR,2024-05-22,38,%
HR,2024-05-22,36,%
HR,2024-05-22,32,%
HR,2024-05-22,29,%
HR,2024-05-22,25,%
HR,2024-05-22,23,%
HR,2024-05-22,25,%
HR,2024-05-22,26,%
HR,2024-05-22,21,%
HR,2024-05-22,45,%
HR,2024-05-22,46,%
HR,2024-05-22,43,%
HR,2024-05-23,43,%
HR,2024-05-23,46,%
HR,2024-05-23,49,%
HR,2024-05-23,57,%
HR,2024-05-23,53,%
HR,2024-05-23,57,%
HR,2024-05-23,71,%
HR,2024-05-23,68,%
HR,2024-05-23,63,%
HR,2024-05-23,56,%
HR,2024-05-23,49,%
HR,2024-05-23,46,%
HR,2024-05-23,44,%
HR,2024-05-23,42,%
HR,2024-05-23,37,%
HR,2024-05-23,33,%
HR,2024-05-23,31,%
HR,2024-05-23,28,%
HR,2024-05-23,28,%
HR,2024-05-23,28,%
HR,2024-05-23,30,%
HR,2024-05-23,33,%
HR,2024-05-23,35,%
HR,2024-05-23,50,%
HR,2024-05-24,56,%
HR,2024-05-24,61,%
HR,2024-05-24,65,%
HR,2024-05-24,67,%
HR,2024-05-24,71,%
HR,2024-05-24,74,%
HR,2024-05-24,75,%
HR,2024-05-24,70,%
HR,2024-05-24,56,%
HR,2024-05-24,33,%
HR,2024-05-24,15,%
HR,2024-05-24,8,%
HR,2024-05-24,5,%
HR,2024-05-24,4,%
HR,2024-05-24,2,%
HR,2024-05-24,1,%
HR,2024-05-24,1,%
HR,2024-05-24,1,%
HR,2024-05-24,7,%
HR,2024-05-24,19,%
HR,2024-05-24,24,%
HR,2024-05-24,26,%
HR,2024-05-24,30,%
HR,2024-05-24,51,%
HR,2024-05-25,61,%
HR,2024-05-25,64,%
HR,2024-05-25,66,%
HR,2024-05-25,68,%
HR,2024-05-25,72,%
HR,2024-05-25,74,%
HR,2024-05-25,78,%
HR,2024-05-25,79,%
HR,2024-05-25,75,%
HR,2024-05-25,63,%
HR,2024-05-25,51,%
HR,2024-05-25,45,%
HR,2024-05-25,39,%
HR,2024-05-25,36,%
HR,2024-05-25,31,%
HR,2024-05-25,28,%
HR,2024-05-25,26,%
HR,2024-05-25,28,%
HR,2024-05-25,27,%
HR,2024-05-25,29,%
HR,2024-05-25,33,%
HR,2024-05-25,34,%
HR,2024-05-25,41,%
HR,2024-05-25,57,%
HR,2024-05-26,62,%
HR,2024-05-26,64,%
HR,2024-05-26,67,%
HR,2024-05-26,70,%
HR,2024-05-26,72,%
HR,2024-05-26,73,%
HR,2024-05-26,75,%
HR,2024-05-26,76,%
HR,2024-05-26,66,%
HR,2024-05-26,45,%
HR,2024-05-26,21,%
HR,2024-05-26,8,%
HR,2024-05-26,5,%
HR,2024-05-26,7,%
HR,2024-05-26,20,%
HR,2024-05-26,26,%
HR,2024-05-26,27,%
HR,2024-05-26,31,%
HR,2024-05-26,40,%
HR,2024-05-26,40,%
HR,2024-05-26,39,%
HR,2024-05-26,39,%
HR,2024-05-27,40,%
HR,2024-05-27,46,%
HR,2024-05-27,58,%
HR,2024-05-27,63,%
HR,2024-05-27,67,%
HR,2024-05-27,69,%
HR,2024-05-27,72,%
HR,2024-05-27,74,%
HR,2024-05-27,72,%
HR,2024-05-27,58,%
HR,2024-05-27,48,%
HR,2024-05-27,40,%
HR,2024-05-27,38,%
HR,2024-05-27,43,%
HR,2024-05-27,49,%
HR,2024-05-27,51,%
HR,2024-05-27,53,%
HR,2024-05-27,56,%
HR,2024-05-27,47,%
HR,2024-05-27,43,%
HR,2024-05-27,46,%
HR,2024-05-27,47,%
HR,2024-05-27,49,%
HR,2024-05-28,51,%
HR,2024-05-28,60,%
HR,2024-05-28,60,%
HR,2024-05-28,64,%
HR,2024-05-28,65,%
HR,2024-05-28,72,%
HR,2024-05-28,77,%
HR,2024-05-28,80,%
HR,2024-05-28,76,%
HR,2024-06-01,73,%
HR,2024-06-01,77,%
HR,2024-06-01,79,%
HR,2024-06-01,81,%
HR,2024-06-01,83,%
HR,2024-06-01,83,%
HR,2024-06-01,82,%
HR,2024-06-01,81,%
HR,2024-06-01,79,%
HR,2024-06-01,75,%
HR,2024-06-01,71,%
HR,2024-06-01,65,%
HR,2024-06-01,58,%
HR,2024-06-01,50,%
HR,2024-06-01,47,%
HR,2024-06-01,45,%
HR,2024-06-01,42,%
HR,2024-06-01,40,%
HR,2024-06-01,40,%
HR,2024-06-01,42,%
HR,2024-06-01,42,%
HR,2024-06-01,58,%
HR,2024-06-01,63,%
HR,2024-06-02,68,%
HR,2024-06-02,73,%
HR,2024-06-02,76,%
HR,2024-06-02,77,%
HR,2024-06-02,77,%
HR,2024-06-02,79,%
HR,2024-06-02,82,%
HR,2024-06-02,83,%
HR,2024-06-02,81,%
HR,2024-06-02,77,%
HR,2024-06-02,66,%
HR,2024-06-02,58,%
HR,2024-06-02,55,%
HR,2024-06-02,53,%
HR,2024-06-02,50,%
HR,2024-06-02,49,%
HR,2024-06-02,49,%
HR,2024-06-02,50,%
HR,2024-06-02,49,%
HR,2024-06-02,49,%
HR,2024-06-02,46,%
HR,2024-06-02,46,%
HR,2024-06-02,50,%
HR,2024-06-02,54,%
HR,2024-06-03,58,%
HR,2024-06-03,65,%
HR,2024-06-03,69,%
HR,2024-06-03,71,%
HR,2024-06-03,74,%
HR,2024-06-03,76,%
HR,2024-06-03,77,%
HR,2024-06-03,79,%
HR,2024-06-03,73,%
HR,2024-06-03,67,%
HR,2024-06-03,59,%
HR,2024-06-03,52,%
HR,2024-06-03,45,%
HR,2024-06-03,34,%
HR,2024-06-03,27,%
HR,2024-06-03,41,%
HR,2024-06-03,31,%
HR,2024-06-03,23,%
HR,2024-06-03,31,%
HR,2024-06-03,37,%
HR,2024-06-03,39,%
HR,2024-06-03,47,%
HR,2024-06-04,49,%
HR,2024-06-04,52,%
HR,2024-06-04,55,%
HR,2024-06-04,63,%
HR,2024-06-04,68,%
HR,2024-06-04,70,%
HR,2024-06-04,65,%
HR,2024-06-04,64,%
HR,2024-06-04,57,%
HR,2024-06-04,43,%
HR,2024-06-04,43,%
HR,2024-06-04,32,%
HR,2024-06-04,27,%
HR,2024-06-04,30,%
HR,2024-06-04,36,%
HR,2024-06-04,37,%
HR,2024-06-04,42,%
HR,2024-06-04,40,%
HR,2024-06-04,29,%
HR,2024-06-04,23,%
HR,2024-06-04,19,%
HR,2024-06-04,21,%
HR,2024-06-04,22,%
HR,2024-06-04,21,%
HR,2024-06-05,25,%
HR,2024-06-05,28,%
HR,2024-06-05,32,%
HR,2024-06-05,32,%
HR,2024-06-05,31,%
HR,2024-06-05,34,%
HR,2024-06-05,32,%
HR,2024-06-05,30,%
HR,2024-06-05,27,%
HR,2024-06-05,22,%
HR,2024-06-05,13,%
HR,2024-06-05,12,%
HR,2024-06-05,14,%
HR,2024-06-05,12,%
HR,2024-06-05,12,%
HR,2024-06-05,11,%
HR,2024-06-05,12,%
HR,2024-06-05,14,%
HR,2024-06-05,19,%
HR,2024-06-05,28,%
HR,2024-06-06,48,%
HR,2024-06-06,68,%
HR,2024-06-06,72,%
HR,2024-06-06,76,%
HR,2024-06-06,79,%
HR,2024-06-06,81,%
HR,2024-06-06,82,%
HR,2024-06-06,81,%
HR,2024-06-06,74,%
HR,2024-06-06,63,%
HR,2024-06-06,58,%
HR,2024-06-06,58,%
HR,2024-06-06,57,%
HR,2024-06-06,55,%
HR,2024-06-06,51,%
HR,2024-06-06,48,%
HR,2024-06-06,46,%
HR,2024-06-06,45,%
HR,2024-06-06,48,%
HR,2024-06-06,50,%
HR,2024-06-06,51,%
HR,2024-06-06,57,%
HR,2024-06-06,70,%
HR,2024-06-06,89,%
HR,2024-06-07,55,%
HR,2024-06-07,57,%
HR,2024-06-07,72,%
HR,2024-06-07,72,%
HR,2024-06-07,71,%
HR,2024-06-07,73,%
HR,2024-06-07,76,%
HR,2024-06-07,73,%
HR,2024-06-07,65,%
HR,2024-06-07,61,%
HR,2024-06-07,57,%
HR,2024-06-07,51,%
HR,2024-06-07,47,%
HR,2024-06-07,50,%
HR,2024-06-07,45,%
HR,2024-06-07,39,%
HR,2024-06-07,38,%
HR,2024-06-07,37,%
HR,2024-06-07,41,%
HR,2024-06-07,46,%
HR,2024-06-07,49,%
HR,2024-06-07,51,%
HR,2024-06-07,54,%
HR,2024-06-07,54,%
HR,2024-06-08,57,%
HR,2024-06-08,59,%
HR,2024-06-08,60,%
HR,2024-06-08,62,%
HR,2024-06-08,63,%
HR,2024-06-08,65,%
HR,2024-06-08,67,%
HR,2024-06-08,69,%
HR,2024-06-08,66,%
HR,2024-06-08,60,%
HR,2024-06-08,55,%
HR,2024-06-08,52,%
HR,2024-06-08,48,%
HR,2024-06-08,47,%
HR,2024-06-08,45,%
HR,2024-06-08,47,%
HR,2024-06-08,48,%
HR,2024-06-08,49,%
HR,2024-06-08,46,%
HR,2024-06-08,43,%
HR,2024-06-08,45,%
HR,2024-06-08,48,%
HR,2024-06-08,50,%
HR,2024-06-08,51,%
HR,2024-06-09,58,%
HR,2024-06-09,61,%
HR,2024-06-09,63,%
HR,2024-06-09,63,%
HR,2024-06-09,64,%
HR,2024-06-09,72,%
HR,2024-06-09,75,%
HR,2024-06-09,73,%
HR,2024-06-09,69,%
HR,2024-06-09,58,%
HR,2024-06-09,48,%
HR,2024-06-09,44,%
HR,2024-06-09,44,%
HR,2024-06-09,42,%
HR,2024-06-09,39,%
HR,2024-06-09,38,%
HR,2024-06-09,38,%
HR,2024-06-09,39,%
HR,2024-06-09,39,%
HR,2024-06-09,38,%
HR,2024-06-09,40,%
HR,2024-06-09,54,%
HR,2024-06-09,69,%
HR,2024-06-09,69,%
HR,2024-06-10,70,%
HR,2024-06-10,73,%
HR,2024-06-10,76,%
HR,2024-06-10,76,%
HR,2024-06-10,75,%
HR,2024-06-10,77,%
HR,2024-06-10,77,%
HR,2024-06-10,74,%
HR,2024-06-10,65,%
HR,2024-06-10,60,%
HR,2024-06-10,66,%
HR,2024-06-10,61,%
HR,2024-06-10,55,%
HR,2024-06-10,54,%
HR,2024-06-10,51,%
HR,2024-06-10,49,%
HR,2024-06-10,46,%
HR,2024-06-10,43,%
HR,2024-06-10,42,%
HR,2024-06-10,42,%
HR,2024-06-10,46,%
HR,2024-06-10,51,%
HR,2024-06-10,54,%
HR,2024-06-10,57,%
HR,2024-06-11,61,%
HR,2024-06-11,63,%
HR,2024-06-11,66,%
HR,2024-06-11,70,%
HR,2024-06-11,73,%
HR,2024-06-11,74,%
HR,2024-06-11,74,%
HR,2024-06-11,75,%
HR,2024-06-11,66,%
HR,2024-06-11,55,%
HR,2024-06-11,51,%
HR,2024-06-11,45,%
HR,2024-06-11,41,%
HR,2024-06-11,37,%
HR,2024-06-11,33,%
HR,2024-06-11,29,%
HR,2024-06-11,26,%
HR,2024-06-11,22,%
HR,2024-06-11,22,%
HR,2024-06-11,24,%
HR,2024-06-11,27,%
HR,2024-06-11,33,%
HR,2024-06-11,36,%
HR,2024-06-11,52,%
HR,2024-06-12,60,%
HR,2024-06-12,68,%
HR,2024-06-12,71,%
HR,2024-06-12,71,%
HR,2024-06-12,72,%
HR,2024-06-12,73,%
HR,2024-06-12,74,%
HR,2024-06-12,75,%
HR,2024-06-12,67,%
HR,2024-06-12,61,%
HR,2024-06-12,55,%
HR,2024-06-12,49,%
HR,2024-06-12,46,%
HR,2024-06-12,43,%
HR,2024-06-12,40,%
HR,2024-06-12,37,%
HR,2024-06-12,35,%
HR,2024-06-12,33,%
HR,2024-06-12,32,%
HR,2024-06-12,32,%
HR,2024-06-12,33,%
HR,2024-06-12,36,%
HR,2024-06-12,38,%
HR,2024-06-12,46,%
HR,2024-06-13,49,%
HR,2024-06-13,51,%
HR,2024-06-13,53,%
HR,2024-06-13,56,%
HR,2024-06-13,60,%
HR,2024-06-13,64,%
HR,2024-06-13,67,%
HR,2024-06-13,68,%
HR,2024-06-13,64,%
HR,2024-06-13,58,%
HR,2024-06-13,51,%
HR,2024-06-13,47,%
HR,2024-06-13,42,%
HR,2024-06-13,37,%
HR,2024-06-13,34,%
HR,2024-06-13,32,%
HR,2024-06-13,30,%
HR,2024-06-13,29,%
HR,2024-06-13,29,%
HR,2024-06-13,30,%
HR,2024-06-13,31,%
HR,2024-06-13,32,%
HR,2024-06-13,35,%
HR,2024-06-13,50,%
HR,2024-06-14,56,%
HR,2024-06-14,59,%
HR,2024-06-14,61,%
HR,2024-06-14,62,%
HR,2024-06-14,64,%
HR,2024-06-14,69,%
HR,2024-06-14,72,%
HR,2024-06-14,73,%
HR,2024-06-14,69,%
HR,2024-06-14,62,%
HR,2024-06-14,56,%
HR,2024-06-14,43,%
HR,2024-06-14,41,%
HR,2024-06-14,38,%
HR,2024-06-14,35,%
HR,2024-06-14,34,%
HR,2024-06-14,33,%
HR,2024-06-14,32,%
HR,2024-06-14,32,%
HR,2024-06-14,32,%
HR,2024-06-14,33,%
HR,2024-06-14,35,%
HR,2024-06-14,43,%
HR,2024-06-14,55,%
HR,2024-06-15,58,%
HR,2024-06-15,61,%
HR,2024-06-15,59,%
HR,2024-06-15,61,%
HR,2024-06-15,67,%
HR,2024-06-15,73,%
HR,2024-06-15,76,%
HR,2024-06-15,74,%
HR,2024-06-15,68,%
HR,2024-06-15,63,%
HR,2024-06-15,54,%
HR,2024-06-15,49,%
HR,2024-06-15,47,%
HR,2024-06-15,45,%
HR,2024-06-15,39,%
HR,2024-06-15,33,%
HR,2024-06-15,30,%
HR,2024-06-15,29,%
HR,2024-06-15,27,%
HR,2024-06-15,27,%
HR,2024-06-15,30,%
HR,2024-06-15,33,%
HR,2024-06-15,40,%
HR,2024-06-15,53,%
HR,2024-06-16,59,%
HR,2024-06-16,63,%
HR,2024-06-16,67,%
HR,2024-06-16,67,%
HR,2024-06-16,70,%
HR,2024-06-16,75,%
HR,2024-06-16,78,%
HR,2024-06-16,79,%
HR,2024-06-16,72,%
HR,2024-06-16,63,%
HR,2024-06-16,59,%
HR,2024-06-16,53,%
HR,2024-06-16,49,%
HR,2024-06-16,44,%
HR,2024-06-16,38,%
HR,2024-06-16,34,%
HR,2024-06-16,30,%
HR,2024-06-16,29,%
HR,2024-06-16,27,%
HR,2024-06-16,26,%
HR,2024-06-16,27,%
HR,2024-06-16,28,%
HR,2024-06-16,39,%
HR,2024-06-16,51,%
HR,2024-06-17,58,%
HR,2024-06-17,63,%
HR,2024-06-17,67,%
HR,2024-06-17,71,%
HR,2024-06-17,73,%
HR,2024-06-17,75,%
HR,2024-06-17,76,%
HR,2024-06-17,76,%
HR,2024-06-17,70,%
HR,2024-06-17,64,%
HR,2024-06-17,60,%
HR,2024-06-17,56,%
HR,2024-06-17,52,%
HR,2024-06-17,48,%
HR,2024-06-17,22,%
HR,2024-06-17,27,%
HR,2024-06-17,30,%
HR,2024-06-17,26,%
HR,2024-06-17,26,%
HR,2024-06-17,29,%
HR,2024-06-17,50,%
HR,2024-06-17,59,%
HR,2024-06-18,64,%
HR,2024-06-18,68,%
HR,2024-06-18,72,%
HR,2024-06-18,74,%
HR,2024-06-18,77,%
HR,2024-06-18,77,%
HR,2024-06-18,79,%
HR,2024-06-18,77,%
HR,2024-06-18,78,%
HR,2024-06-18,72,%
HR,2024-06-18,63,%
HR,2024-06-18,56,%
HR,2024-06-18,51,%
HR,2024-06-18,48,%
HR,2024-06-18,44,%
HR,2024-06-18,40,%
HR,2024-06-18,38,%
HR,2024-06-18,36,%
HR,2024-06-18,34,%
HR,2024-06-18,35,%
HR,2024-06-18,57,%
HR,2024-06-19,61,%
HR,2024-06-19,64,%
HR,2024-06-19,68,%
HR,2024-06-19,71,%
HR,2024-06-19,72,%
HR,2024-06-19,73,%
HR,2024-06-19,75,%
HR,2024-06-19,74,%
HR,2024-06-19,67,%
HR,2024-06-19,61,%
HR,2024-06-19,54,%
HR,2024-06-19,57,%
HR,2024-06-19,48,%
HR,2024-06-19,47,%
HR,2024-06-19,59,%
HR,2024-06-19,69,%
HR,2024-06-19,85,%
HR,2024-06-19,86,%
HR,2024-06-19,81,%
HR,2024-06-19,85,%
HR,2024-06-19,87,%
HR,2024-06-19,87,%
HR,2024-06-19,87,%
HR,2024-06-19,88,%
HR,2024-06-20,88,%
HR,2024-06-20,88,%
HR,2024-06-20,88,%
HR,2024-06-20,89,%
HR,2024-06-20,89,%
HR,2024-06-20,86,%
HR,2024-06-20,87,%
HR,2024-06-20,87,%
HR,2024-06-20,86,%
HR,2024-06-20,87,%
HR,2024-06-20,84,%
HR,2024-06-20,84,%
HR,2024-06-20,85,%
HR,2024-06-20,87,%
HR,2024-06-20,89,%
HR,2024-06-20,90,%
HR,2024-06-20,91,%
HR,2024-06-21,90,%
HR,2024-06-21,90,%
HR,2024-06-21,89,%
HR,2024-06-21,89,%
HR,2024-06-21,89,%
HR,2024-06-21,90,%
HR,2024-06-21,90,%
HR,2024-06-21,90,%
HR,2024-06-21,90,%
HR,2024-06-21,90,%
HR,2024-06-21,89,%
HR,2024-06-21,89,%
HR,2024-06-21,81,%
HR,2024-06-21,85,%
HR,2024-06-21,73,%
HR,2024-06-21,75,%
HR,2024-06-21,66,%
HR,2024-06-21,67,%
HR,2024-06-21,72,%
HR,2024-06-21,77,%
HR,2024-06-21,84,%
HR,2024-06-21,86,%
HR,2024-06-21,87,%
HR,2024-06-22,87,%
HR,2024-06-22,88,%
HR,2024-06-22,88,%
HR,2024-06-22,87,%
HR,2024-06-22,87,%
HR,2024-06-22,87,%
HR,2024-06-22,88,%
HR,2024-06-22,88,%
HR,2024-06-22,87,%
HR,2024-06-22,85,%
HR,2024-06-22,81,%
HR,2024-06-22,79,%
HR,2024-06-22,69,%
HR,2024-06-22,65,%
HR,2024-06-22,70,%
HR,2024-06-22,84,%
HR,2024-06-22,83,%
HR,2024-06-22,79,%
HR,2024-06-22,79,%
HR,2024-06-22,80,%
HR,2024-06-22,85,%
HR,2024-06-22,87,%
HR,2024-06-22,87,%
HR,2024-06-22,86,%
HR,2024-06-23,86,%
HR,2024-06-23,86,%
HR,2024-06-23,85,%
HR,2024-06-23,85,%
HR,2024-06-23,86,%
HR,2024-06-23,85,%
HR,2024-06-23,85,%
HR,2024-06-23,84,%
HR,2024-06-23,82,%
HR,2024-06-23,80,%
HR,2024-06-23,81,%
HR,2024-06-23,82,%
HR,2024-06-23,82,%
HR,2024-06-23,82,%
HR,2024-06-23,80,%
HR,2024-06-23,77,%
HR,2024-06-23,76,%
HR,2024-06-23,70,%
HR,2024-06-23,67,%
HR,2024-06-23,71,%
HR,2024-06-23,82,%
HR,2024-06-23,85,%
HR,2024-06-23,86,%
HR,2024-06-23,87,%
HR,2024-06-24,88,%
HR,2024-06-24,88,%
HR,2024-06-24,89,%
HR,2024-06-24,89,%
HR,2024-06-24,89,%
HR,2024-06-24,89,%
HR,2024-06-24,89,%
HR,2024-06-24,89,%
HR,2024-06-24,88,%
HR,2024-06-24,86,%
HR,2024-06-24,79,%
HR,2024-06-24,69,%
HR,2024-06-24,61,%
HR,2024-06-24,58,%
HR,2024-06-24,60,%
HR,2024-06-24,59,%
HR,2024-06-24,59,%
HR,2024-06-24,63,%
HR,2024-06-24,63,%
HR,2024-06-24,66,%
HR,2024-06-24,69,%
HR,2024-06-24,71,%
HR,2024-06-24,73,%
HR,2024-06-24,77,%
HR,2024-06-25,81,%
HR,2024-06-25,80,%
HR,2024-06-25,80,%
HR,2024-06-25,81,%
HR,2024-06-25,83,%
HR,2024-06-25,85,%
HR,2024-06-25,86,%
HR,2024-06-25,87,%
HR,2024-06-25,85,%
HR,2024-06-25,77,%
HR,2024-06-25,69,%
HR,2024-06-25,64,%
HR,2024-06-25,61,%
HR,2024-06-25,59,%
HR,2024-06-25,58,%
HR,2024-06-25,56,%
HR,2024-06-25,54,%
HR,2024-06-25,53,%
HR,2024-06-25,53,%
HR,2024-06-25,55,%
HR,2024-06-25,58,%
HR,2024-06-25,60,%
HR,2024-06-25,66,%
HR,2024-06-25,72,%
HR,2024-06-26,79,%
HR,2024-06-26,81,%
HR,2024-06-26,82,%
HR,2024-06-26,84,%
HR,2024-06-26,86,%
HR,2024-06-26,87,%
HR,2024-06-26,87,%
HR,2024-06-26,87,%
HR,2024-06-26,83,%
HR,2024-06-26,73,%
HR,2024-06-26,63,%
HR,2024-06-26,58,%
HR,2024-06-26,56,%
HR,2024-06-26,54,%
HR,2024-06-26,53,%
HR,2024-06-26,50,%
HR,2024-06-26,51,%
HR,2024-06-26,52,%
HR,2024-06-26,51,%
HR,2024-06-26,54,%
HR,2024-06-26,59,%
HR,2024-06-26,62,%
HR,2024-06-26,63,%
HR,2024-06-26,72,%
HR,2024-06-27,76,%
HR,2024-06-27,78,%
HR,2024-06-27,81,%
HR,2024-06-27,82,%
HR,2024-06-27,83,%
HR,2024-06-27,84,%
HR,2024-06-27,85,%
HR,2024-06-27,86,%
HR,2024-06-27,85,%
HR,2024-06-27,79,%
HR,2024-06-27,66,%
HR,2024-06-27,58,%
HR,2024-06-27,53,%
HR,2024-06-27,53,%
HR,2024-06-27,50,%
HR,2024-06-27,47,%
HR,2024-06-27,43,%
HR,2024-06-27,45,%
HR,2024-06-27,46,%
HR,2024-06-27,47,%
HR,2024-06-27,50,%
HR,2024-06-27,58,%
HR,2024-06-27,59,%
HR,2024-06-27,60,%
HR,2024-06-28,70,%
HR,2024-06-28,78,%
HR,2024-06-28,80,%
HR,2024-06-28,82,%
HR,2024-06-28,83,%
HR,2024-06-28,85,%
HR,2024-06-28,86,%
HR,2024-06-28,86,%
HR,2024-06-28,84,%
HR,2024-06-28,79,%
HR,2024-06-28,75,%
HR,2024-06-28,69,%
HR,2024-06-28,65,%
HR,2024-06-28,49,%
HR,2024-06-28,49,%
HR,2024-06-28,50,%
HR,2024-06-28,54,%
HR,2024-06-28,56,%
HR,2024-06-28,57,%
HR,2024-06-28,72,%
HR,2024-06-29,75,%
HR,2024-06-29,75,%
HR,2024-06-29,77,%
HR,2024-06-29,76,%
HR,2024-06-29,77,%
HR,2024-06-29,78,%
HR,2024-06-29,80,%
HR,2024-06-29,81,%
HR,2024-06-29,78,%
HR,2024-06-29,71,%
HR,2024-06-29,64,%
HR,2024-06-29,62,%
HR,2024-06-29,57,%
HR,2024-06-29,55,%
HR,2024-06-29,52,%
HR,2024-06-29,48,%
HR,2024-06-29,48,%
HR,2024-06-29,43,%
HR,2024-06-29,44,%
HR,2024-06-29,48,%
HR,2024-06-29,60,%
HR,2024-06-29,68,%
HR,2024-06-29,72,%
HR,2024-06-29,73,%
HR,2024-06-30,75,%
HR,2024-06-30,78,%
HR,2024-06-30,80,%
HR,2024-06-30,80,%
HR,2024-06-30,80,%
HR,2024-06-30,76,%
HR,2024-06-30,77,%
HR,2024-06-30,79,%
HR,2024-06-30,80,%
HR,2024-06-30,81,%
HR,2024-06-30,80,%
HR,2024-06-30,75,%
HR,2024-06-30,84,%
HR,2024-06-30,80,%
HR,2024-06-30,78,%
HR,2024-06-30,83,%
HR,2024-06-30,87,%
HR,2024-06-30,88,%
HR,2024-06-30,83,%
HR,2024-06-30,78,%
HR,2024-06-30,80,%
HR,2024-06-30,82,%
HR,2024-06-30,86,%
HR,2024-06-30,85,%
HR,2024-07-01,81,%
HR,2024-07-01,81,%
HR,2024-07-01,82,%
HR,2024-07-01,83,%
HR,2024-07-01,82,%
HR,2024-07-01,84,%
HR,2024-07-01,83,%
HR,2024-07-01,78,%
HR,2024-07-01,72,%
HR,2024-07-01,69,%
HR,2024-07-01,70,%
HR,2024-07-01,68,%
HR,2024-07-01,65,%
HR,2024-07-01,66,%
HR,2024-07-01,63,%
HR,2024-07-01,66,%
HR,2024-07-01,64,%
HR,2024-07-01,65,%
HR,2024-07-01,71,%
HR,2024-07-01,71,%
HR,2024-07-01,74,%
HR,2024-07-01,74,%
HR,2024-07-01,75,%
HR,2024-07-02,75,%
HR,2024-07-02,76,%
HR,2024-07-02,77,%
HR,2024-07-02,80,%
HR,2024-07-02,82,%
HR,2024-07-02,84,%
HR,2024-07-02,85,%
HR,2024-07-02,87,%
HR,2024-07-02,88,%
HR,2024-07-02,84,%
HR,2024-07-02,77,%
HR,2024-07-02,66,%
HR,2024-07-02,58,%
HR,2024-07-02,57,%
HR,2024-07-02,55,%
HR,2024-07-02,52,%
HR,2024-07-02,50,%
HR,2024-07-02,49,%
HR,2024-07-02,48,%
HR,2024-07-02,50,%
HR,2024-07-02,51,%
HR,2024-07-02,56,%
HR,2024-07-02,66,%
HR,2024-07-02,77,%
HR,2024-07-03,79,%
HR,2024-07-03,86,%
HR,2024-07-03,83,%
HR,2024-07-03,74,%
HR,2024-07-03,66,%
HR,2024-07-03,62,%
HR,2024-07-03,61,%
HR,2024-07-03,57,%
HR,2024-07-03,55,%
HR,2024-07-03,55,%
HR,2024-07-03,52,%
HR,2024-07-03,49,%
HR,2024-07-03,45,%
HR,2024-07-03,47,%
HR,2024-07-03,48,%
HR,2024-07-03,54,%
HR,2024-07-03,71,%
HR,2024-07-03,74,%
HR,2024-07-04,75,%
HR,2024-07-04,77,%
HR,2024-07-04,79,%
HR,2024-07-04,82,%
HR,2024-07-04,83,%
HR,2024-07-04,85,%
HR,2024-07-04,86,%
HR,2024-07-04,86,%
HR,2024-07-04,84,%
HR,2024-07-04,80,%
HR,2024-07-04,70,%
HR,2024-07-04,61,%
HR,2024-07-04,59,%
HR,2024-07-04,59,%
HR,2024-07-04,56,%
HR,2024-07-04,54,%
HR,2024-07-04,53,%
HR,2024-07-04,54,%
HR,2024-07-04,56,%
HR,2024-07-04,55,%
HR,2024-07-04,60,%
HR,2024-07-04,61,%
HR,2024-07-04,59,%
HR,2024-07-04,59,%
HR,2024-07-05,67,%
HR,2024-07-05,75,%
HR,2024-07-05,78,%
HR,2024-07-05,82,%
HR,2024-07-05,84,%
HR,2024-07-05,84,%
HR,2024-07-05,85,%
HR,2024-07-05,85,%
HR,2024-07-05,83,%
HR,2024-07-05,74,%
HR,2024-07-05,65,%
HR,2024-07-05,65,%
HR,2024-07-05,62,%
HR,2024-07-05,60,%
HR,2024-07-05,59,%
HR,2024-07-05,56,%
HR,2024-07-05,55,%
HR,2024-07-05,54,%
HR,2024-07-05,57,%
HR,2024-07-05,61,%
HR,2024-07-05,62,%
HR,2024-07-05,63,%
HR,2024-07-05,62,%
HR,2024-07-05,64,%
HR,2024-07-06,75,%
HR,2024-07-06,79,%
HR,2024-07-06,79,%
HR,2024-07-06,82,%
HR,2024-07-06,84,%
HR,2024-07-06,85,%
HR,2024-07-06,85,%
HR,2024-07-06,86,%
HR,2024-07-06,82,%
HR,2024-07-06,75,%
HR,2024-07-06,61,%
HR,2024-07-06,55,%
HR,2024-07-06,50,%
HR,2024-07-06,43,%
HR,2024-07-06,36,%
HR,2024-07-06,29,%
HR,2024-07-06,29,%
HR,2024-07-06,28,%
HR,2024-07-06,30,%
HR,2024-07-06,34,%
HR,2024-07-06,40,%
HR,2024-07-06,46,%
HR,2024-07-06,46,%
HR,2024-07-06,46,%
HR,2024-07-07,51,%
HR,2024-07-07,52,%
HR,2024-07-07,53,%
HR,2024-07-07,56,%
HR,2024-07-07,61,%
HR,2024-07-07,65,%
HR,2024-07-07,65,%
HR,2024-07-07,62,%
HR,2024-07-07,60,%
HR,2024-07-07,50,%
HR,2024-07-07,42,%
HR,2024-07-07,37,%
HR,2024-07-07,36,%
HR,2024-07-07,38,%
HR,2024-07-07,36,%
HR,2024-07-07,33,%
HR,2024-07-07,33,%
HR,2024-07-07,37,%
HR,2024-07-07,43,%
HR,2024-07-07,48,%
HR,2024-07-07,48,%
HR,2024-07-07,49,%
HR,2024-07-07,56,%
HR,2024-07-07,58,%
HR,2024-07-08,59,%
HR,2024-07-08,62,%
HR,2024-07-08,65,%
HR,2024-07-08,68,%
HR,2024-07-08,68,%
HR,2024-07-08,70,%
HR,2024-07-08,69,%
HR,2024-07-08,66,%
HR,2024-07-08,58,%
HR,2024-07-08,49,%
HR,2024-07-08,41,%
HR,2024-07-08,38,%
HR,2024-07-08,37,%
HR,2024-07-08,39,%
HR,2024-07-08,37,%
HR,2024-07-08,37,%
HR,2024-07-08,40,%
HR,2024-07-08,41,%
HR,2024-07-08,40,%
HR,2024-07-08,43,%
HR,2024-07-08,63,%
HR,2024-07-08,79,%
HR,2024-07-08,79,%
HR,2024-07-08,72,%
HR,2024-07-09,71,%
HR,2024-07-09,74,%
HR,2024-07-09,78,%
HR,2024-07-09,79,%
HR,2024-07-09,83,%
HR,2024-07-09,84,%
HR,2024-07-09,83,%
HR,2024-07-09,83,%
HR,2024-07-09,76,%
HR,2024-07-09,65,%
HR,2024-07-09,60,%
HR,2024-07-09,57,%
HR,2024-07-09,49,%
HR,2024-07-09,48,%
HR,2024-07-09,42,%
HR,2024-07-09,40,%
HR,2024-07-09,42,%
HR,2024-07-09,41,%
HR,2024-07-09,42,%
HR,2024-07-09,45,%
HR,2024-07-09,51,%
HR,2024-07-09,57,%
HR,2024-07-09,56,%
HR,2024-07-09,56,%
HR,2024-07-10,64,%
HR,2024-07-10,70,%
HR,2024-07-10,71,%
HR,2024-07-10,75,%
HR,2024-07-10,77,%
HR,2024-07-10,79,%
HR,2024-07-10,82,%
HR,2024-07-10,85,%
HR,2024-07-10,84,%
HR,2024-07-10,71,%
HR,2024-07-10,65,%
HR,2024-07-10,66,%
HR,2024-07-10,59,%
HR,2024-07-10,54,%
HR,2024-07-10,55,%
HR,2024-07-10,55,%
HR,2024-07-10,68,%
HR,2024-07-10,72,%
HR,2024-07-10,72,%
HR,2024-07-10,72,%
HR,2024-07-10,72,%
HR,2024-07-10,76,%
HR,2024-07-10,76,%
HR,2024-07-10,74,%
HR,2024-07-11,74,%
HR,2024-07-11,76,%
HR,2024-07-11,77,%
HR,2024-07-11,78,%
HR,2024-07-11,80,%
HR,2024-07-11,81,%
HR,2024-07-11,80,%
HR,2024-07-11,83,%
HR,2024-07-11,79,%
HR,2024-07-11,75,%
HR,2024-07-11,69,%
HR,2024-07-11,68,%
HR,2024-07-11,64,%
HR,2024-07-11,62,%
HR,2024-07-11,57,%
HR,2024-07-11,57,%
HR,2024-07-11,56,%
HR,2024-07-11,60,%
HR,2024-07-11,55,%
HR,2024-07-11,57,%
HR,2024-07-11,80,%
HR,2024-07-12,77,%
HR,2024-07-12,72,%
HR,2024-07-12,69,%
HR,2024-07-12,75,%
HR,2024-07-12,73,%
HR,2024-07-12,72,%
HR,2024-07-12,73,%
HR,2024-07-12,71,%
HR,2024-07-12,71,%
HR,2024-07-12,73,%
HR,2024-07-12,76,%
HR,2024-07-12,77,%
HR,2024-07-12,79,%
HR,2024-07-13,81,%
HR,2024-07-13,81,%
HR,2024-07-13,81,%
HR,2024-07-13,81,%
HR,2024-07-13,81,%
HR,2024-07-13,82,%
HR,2024-07-13,84,%
HR,2024-07-13,84,%
HR,2024-07-13,82,%
HR,2024-07-13,75,%
HR,2024-07-13,68,%
HR,2024-07-13,63,%
HR,2024-07-13,59,%
HR,2024-07-13,57,%
HR,2024-07-13,55,%
HR,2024-07-13,56,%
HR,2024-07-13,62,%
HR,2024-07-13,57,%
HR,2024-07-13,58,%
HR,2024-07-13,61,%
HR,2024-07-13,66,%
HR,2024-07-13,66,%
HR,2024-07-13,65,%
HR,2024-07-13,71,%
HR,2024-07-14,75,%
HR,2024-07-14,78,%
HR,2024-07-14,81,%
HR,2024-07-14,83,%
HR,2024-07-14,83,%
HR,2024-07-14,85,%
HR,2024-07-14,86,%
HR,2024-07-14,87,%
HR,2024-07-14,84,%
HR,2024-07-14,74,%
HR,2024-07-14,63,%
HR,2024-07-14,54,%
HR,2024-07-14,56,%
HR,2024-07-14,58,%
HR,2024-07-14,56,%
HR,2024-07-14,52,%
HR,2024-07-14,49,%
HR,2024-07-14,48,%
HR,2024-07-14,52,%
HR,2024-07-14,50,%
HR,2024-07-14,53,%
HR,2024-07-14,56,%
HR,2024-07-14,59,%
HR,2024-07-14,69,%
HR,2024-07-15,72,%
HR,2024-07-15,74,%
HR,2024-07-15,77,%
HR,2024-07-15,79,%
HR,2024-07-15,82,%
HR,2024-07-15,85,%
HR,2024-07-15,86,%
HR,2024-07-15,86,%
HR,2024-07-15,79,%
HR,2024-07-15,73,%
HR,2024-07-15,63,%
HR,2024-07-15,57,%
HR,2024-07-15,59,%
HR,2024-07-15,59,%
HR,2024-07-15,56,%
HR,2024-07-15,56,%
HR,2024-07-15,58,%
HR,2024-07-15,57,%
HR,2024-07-15,57,%
HR,2024-07-15,59,%
HR,2024-07-15,59,%
HR,2024-07-15,60,%
HR,2024-07-15,62,%
HR,2024-07-15,68,%
HR,2024-07-16,74,%
HR,2024-07-16,75,%
HR,2024-07-16,77,%
HR,2024-07-16,81,%
HR,2024-07-16,84,%
HR,2024-07-16,85,%
HR,2024-07-16,86,%
HR,2024-07-16,86,%
HR,2024-07-16,83,%
HR,2024-07-16,73,%
HR,2024-07-16,62,%
HR,2024-07-16,55,%
HR,2024-07-16,55,%
HR,2024-07-16,50,%
HR,2024-07-16,47,%
HR,2024-07-16,49,%
HR,2024-07-16,50,%
HR,2024-07-16,55,%
HR,2024-07-16,57,%
HR,2024-07-16,61,%
HR,2024-07-16,69,%
HR,2024-07-16,76,%
HR,2024-07-16,77,%
HR,2024-07-16,75,%
HR,2024-07-17,79,%
HR,2024-07-17,81,%
HR,2024-07-17,82,%
HR,2024-07-17,81,%
HR,2024-07-17,82,%
HR,2024-07-17,85,%
HR,2024-07-17,86,%
HR,2024-07-17,87,%
HR,2024-07-17,87,%
HR,2024-07-17,87,%
HR,2024-07-17,86,%
HR,2024-07-17,80,%
HR,2024-07-17,72,%
HR,2024-07-17,64,%
HR,2024-07-17,57,%
HR,2024-07-17,60,%
HR,2024-07-17,67,%
HR,2024-07-17,74,%
HR,2024-07-17,72,%
HR,2024-07-17,71,%
HR,2024-07-17,72,%
HR,2024-07-18,77,%
HR,2024-07-18,81,%
HR,2024-07-18,83,%
HR,2024-07-18,85,%
HR,2024-07-18,87,%
HR,2024-07-18,88,%
HR,2024-07-18,88,%
HR,2024-07-18,88,%
HR,2024-07-18,88,%
HR,2024-07-18,77,%
HR,2024-07-18,65,%
HR,2024-07-18,68,%
HR,2024-07-18,71,%
HR,2024-07-18,66,%
HR,2024-07-18,61,%
HR,2024-07-18,58,%
HR,2024-07-18,58,%
HR,2024-07-18,59,%
HR,2024-07-18,63,%
HR,2024-07-18,71,%
HR,2024-07-18,81,%
HR,2024-07-18,81,%
HR,2024-07-18,82,%
HR,2024-07-18,81,%
HR,2024-07-19,82,%
HR,2024-07-19,83,%
HR,2024-07-19,83,%
HR,2024-07-19,85,%
HR,2024-07-19,86,%
HR,2024-07-19,86,%
HR,2024-07-19,86,%
HR,2024-07-19,86,%
HR,2024-07-19,81,%
HR,2024-07-19,69,%
HR,2024-07-19,64,%
HR,2024-07-19,65,%
HR,2024-07-19,62,%
HR,2024-07-19,54,%
HR,2024-07-19,50,%
HR,2024-07-19,47,%
HR,2024-07-19,48,%
HR,2024-07-19,47,%
HR,2024-07-19,49,%
HR,2024-07-19,50,%
HR,2024-07-19,56,%
HR,2024-07-19,63,%
HR,2024-07-19,62,%
HR,2024-07-19,62,%
HR,2024-07-20,65,%
HR,2024-07-20,65,%
HR,2024-07-20,69,%
HR,2024-07-20,74,%
HR,2024-07-20,79,%
HR,2024-07-20,85,%
HR,2024-07-20,86,%
HR,2024-07-20,86,%
HR,2024-07-20,83,%
HR,2024-07-20,74,%
HR,2024-07-20,60,%
HR,2024-07-20,51,%
HR,2024-07-20,50,%
HR,2024-07-20,48,%
HR,2024-07-20,45,%
HR,2024-07-20,42,%
HR,2024-07-20,42,%
HR,2024-07-20,44,%
HR,2024-07-20,48,%
HR,2024-07-20,52,%
HR,2024-07-20,52,%
HR,2024-07-20,56,%
HR,2024-07-20,58,%
HR,2024-07-20,62,%
HR,2024-07-21,67,%
HR,2024-07-21,72,%
HR,2024-07-21,74,%
HR,2024-07-21,76,%
HR,2024-07-21,79,%
HR,2024-07-21,84,%
HR,2024-07-21,85,%
HR,2024-07-21,85,%
HR,2024-07-21,83,%
HR,2024-07-21,74,%
HR,2024-07-21,66,%
HR,2024-07-21,58,%
HR,2024-07-21,55,%
HR,2024-07-21,52,%
HR,2024-07-21,52,%
HR,2024-07-21,54,%
HR,2024-07-21,55,%
HR,2024-07-21,47,%
HR,2024-07-21,49,%
HR,2024-07-21,53,%
HR,2024-07-21,56,%
HR,2024-07-21,58,%
HR,2024-07-21,69,%
HR,2024-07-21,67,%
HR,2024-07-22,68,%
HR,2024-07-22,71,%
HR,2024-07-22,76,%
HR,2024-07-22,80,%
HR,2024-07-22,83,%
HR,2024-07-22,84,%
HR,2024-07-22,85,%
HR,2024-07-22,85,%
HR,2024-07-22,83,%
HR,2024-07-22,81,%
HR,2024-07-22,70,%
HR,2024-07-22,63,%
HR,2024-07-22,60,%
HR,2024-07-22,58,%
HR,2024-07-22,56,%
HR,2024-07-22,52,%
HR,2024-07-22,47,%
HR,2024-07-22,47,%
HR,2024-07-22,46,%
HR,2024-07-22,45,%
HR,2024-07-22,55,%
HR,2024-07-22,60,%
HR,2024-07-22,60,%
HR,2024-07-22,62,%
HR,2024-07-23,64,%
HR,2024-07-23,68,%
HR,2024-07-23,74,%
HR,2024-07-23,76,%
HR,2024-07-23,78,%
HR,2024-07-23,82,%
HR,2024-07-23,85,%
HR,2024-07-23,86,%
HR,2024-07-23,84,%
HR,2024-07-23,74,%
