Parametro,Fecha,Hora,Concentraciones horarias,Unidad
,,,,
PM2.5,2024-01-01,0:00 - 1:00,62,µg/m³
PM2.5,2024-01-02,0:00 - 1:00,11,µg/m³
PM2.5,2024-01-02,1:00 - 2:00,10,µg/m³
PM2.5,2024-01-02,2:00 - 3:00,8,µg/m³
PM2.5,2024-01-02,6:00 - 7:00,11,µg/m³
PM2.5,2024-01-02,7:00 - 8:00,9,µg/m³
PM2.5,2024-01-02,8:00 - 9:00,7,µg/m³
PM2.5,2024-01-02,9:00 - 10:00,7,µg/m³
PM2.5,2024-01-02,10:00 - 11:00,11,µg/m³
PM2.5,2024-01-02,11:00 - 12:00,15,µg/m³
PM2.5,2024-01-02,12:00 - 13:00,22,µg/m³
PM2.5,2024-01-02,13:00 - 14:00,26,µg/m³
PM2.5,2024-01-02,14:00 - 15:00,30,µg/m³
PM2.5,2024-01-02,15:00 - 16:00,37,µg/m³
PM2.5,2024-01-02,16:00 - 17:00,35,µg/m³
PM2.5,2024-01-02,17:00 - 18:00,34,µg/m³
PM2.5,2024-01-02,18:00 - 19:00,30,µg/m³
PM2.5,2024-01-02,19:00 - 20:00,28,µg/m³
PM2.5,2024-01-02,20:00 - 21:00,38,µg/m³
PM2.5,2024-01-02,21:00 - 22:00,45,µg/m³
PM2.5,2024-01-02,22:00 - 23:00,33,µg/m³
PM2.5,2024-01-03,23:00 - 0:00,23,µg/m³
PM2.5,2024-01-03,0:00 - 1:00,18,µg/m³
PM2.5,2024-01-03,1:00 - 2:00,17,µg/m³
PM2.5,2024-01-03,2:00 - 3:00,13,µg/m³
PM2.5,2024-01-03,3:00 - 4:00,12,µg/m³
PM2.5,2024-01-03,4:00 - 5:00,11,µg/m³
PM2.5,2024-01-03,5:00 - 6:00,11,µg/m³
PM2.5,2024-01-03,6:00 - 7:00,11,µg/m³
PM2.5,2024-01-03,7:00 - 8:00,16,µg/m³
PM2.5,2024-01-03,9:00 - 10:00,27,µg/m³
PM2.5,2024-01-03,10:00 - 11:00,23,µg/m³
PM2.5,2024-01-03,11:00 - 12:00,27,µg/m³
PM2.5,2024-01-03,15:00 - 16:00,21,µg/m³
PM2.5,2024-01-03,16:00 - 17:00,20,µg/m³
PM2.5,2024-01-03,17:00 - 18:00,17,µg/m³
PM2.5,2024-01-03,18:00 - 19:00,14,µg/m³
PM2.5,2024-01-03,19:00 - 20:00,14,µg/m³
PM2.5,2024-01-03,20:00 - 21:00,11,µg/m³
PM2.5,2024-01-03,21:00 - 22:00,9,µg/m³
PM2.5,2024-01-03,22:00 - 23:00,8,µg/m³
PM2.5,2024-01-04,23:00 - 0:00,8,µg/m³
PM2.5,2024-01-04,0:00 - 1:00,8,µg/m³
PM2.5,2024-01-04,2:00 - 3:00,13,µg/m³
PM2.5,2024-01-04,3:00 - 4:00,15,µg/m³
PM2.5,2024-01-04,4:00 - 5:00,14,µg/m³
PM2.5,2024-01-04,5:00 - 6:00,15,µg/m³
PM2.5,2024-01-04,6:00 - 7:00,16,µg/m³
PM2.5,2024-01-04,7:00 - 8:00,18,µg/m³
PM2.5,2024-01-04,8:00 - 9:00,16,µg/m³
PM2.5,2024-01-04,9:00 - 10:00,14,µg/m³
PM2.5,2024-01-04,11:00 - 12:00,18,µg/m³
PM2.5,2024-01-04,12:00 - 13:00,14,µg/m³
PM2.5,2024-01-04,14:00 - 15:00,21,µg/m³
PM2.5,2024-01-04,15:00 - 16:00,15,µg/m³
PM2.5,2024-01-04,16:00 - 17:00,9,µg/m³
PM2.5,2024-01-04,17:00 - 18:00,8,µg/m³
PM2.5,2024-01-04,18:00 - 19:00,10,µg/m³
PM2.5,2024-01-04,19:00 - 20:00,12,µg/m³
PM2.5,2024-01-04,20:00 - 21:00,17,µg/m³
PM2.5,2024-01-04,21:00 - 22:00,25,µg/m³
PM2.5,2024-01-04,22:00 - 23:00,28,µg/m³
PM2.5,2024-01-05,23:00 - 0:00,28,µg/m³
PM2.5,2024-01-05,0:00 - 1:00,28,µg/m³
PM2.5,2024-01-05,1:00 - 2:00,30,µg/m³
PM2.5,2024-01-05,2:00 - 3:00,14,µg/m³
PM2.5,2024-01-05,3:00 - 4:00,10,µg/m³
PM2.5,2024-01-05,4:00 - 5:00,11,µg/m³
PM2.5,2024-01-05,5:00 - 6:00,14,µg/m³
PM2.5,2024-01-05,6:00 - 7:00,18,µg/m³
PM2.5,2024-01-05,7:00 - 8:00,17,µg/m³
PM2.5,2024-01-05,8:00 - 9:00,21,µg/m³
PM2.5,2024-01-05,9:00 - 10:00,21,µg/m³
PM2.5,2024-01-05,10:00 - 11:00,25,µg/m³
PM2.5,2024-01-05,11:00 - 12:00,20,µg/m³
PM2.5,2024-01-05,12:00 - 13:00,14,µg/m³
PM2.5,2024-01-05,13:00 - 14:00,17,µg/m³
PM2.5,2024-01-05,14:00 - 15:00,19,µg/m³
PM2.5,2024-01-05,15:00 - 16:00,16,µg/m³
PM2.5,2024-01-05,16:00 - 17:00,17,µg/m³
PM2.5,2024-01-05,17:00 - 18:00,20,µg/m³
PM2.5,2024-01-05,18:00 - 19:00,16,µg/m³
PM2.5,2024-01-05,19:00 - 20:00,11,µg/m³
PM2.5,2024-01-05,20:00 - 21:00,16,µg/m³
PM2.5,2024-01-05,21:00 - 22:00,14,µg/m³
PM2.5,2024-01-05,22:00 - 23:00,16,µg/m³
PM2.5,2024-01-06,23:00 - 0:00,17,µg/m³
PM2.5,2024-01-06,0:00 - 1:00,12,µg/m³
PM2.5,2024-01-06,1:00 - 2:00,14,µg/m³
PM2.5,2024-01-06,2:00 - 3:00,12,µg/m³
PM2.5,2024-01-06,3:00 - 4:00,15,µg/m³
PM2.5,2024-01-06,4:00 - 5:00,18,µg/m³
PM2.5,2024-01-06,5:00 - 6:00,20,µg/m³
PM2.5,2024-01-06,6:00 - 7:00,22,µg/m³
PM2.5,2024-01-06,7:00 - 8:00,23,µg/m³
PM2.5,2024-01-06,8:00 - 9:00,27,µg/m³
PM2.5,2024-01-06,9:00 - 10:00,33,µg/m³
PM2.5,2024-01-06,10:00 - 11:00,40,µg/m³
PM2.5,2024-01-06,11:00 - 12:00,32,µg/m³
PM2.5,2024-01-06,12:00 - 13:00,38,µg/m³
PM2.5,2024-01-06,13:00 - 14:00,26,µg/m³
PM2.5,2024-01-06,14:00 - 15:00,36,µg/m³
PM2.5,2024-01-06,15:00 - 16:00,47,µg/m³
PM2.5,2024-01-06,16:00 - 17:00,21,µg/m³
PM2.5,2024-01-06,17:00 - 18:00,26,µg/m³
PM2.5,2024-01-06,18:00 - 19:00,25,µg/m³
PM2.5,2024-01-06,19:00 - 20:00,22,µg/m³
PM2.5,2024-01-06,20:00 - 21:00,34,µg/m³
PM2.5,2024-01-06,21:00 - 22:00,37,µg/m³
PM2.5,2024-01-06,22:00 - 23:00,31,µg/m³
PM2.5,2024-01-07,23:00 - 0:00,30,µg/m³
PM2.5,2024-01-07,0:00 - 1:00,35,µg/m³
PM2.5,2024-01-07,1:00 - 2:00,27,µg/m³
PM2.5,2024-01-07,2:00 - 3:00,20,µg/m³
PM2.5,2024-01-07,3:00 - 4:00,17,µg/m³
PM2.5,2024-01-07,5:00 - 6:00,37,µg/m³
PM2.5,2024-01-07,6:00 - 7:00,34,µg/m³
PM2.5,2024-01-07,7:00 - 8:00,26,µg/m³
PM2.5,2024-01-07,8:00 - 9:00,22,µg/m³
PM2.5,2024-01-07,9:00 - 10:00,20,µg/m³
PM2.5,2024-01-07,10:00 - 11:00,14,µg/m³
PM2.5,2024-01-07,11:00 - 12:00,16,µg/m³
PM2.5,2024-01-07,12:00 - 13:00,16,µg/m³
PM2.5,2024-01-07,13:00 - 14:00,20,µg/m³
PM2.5,2024-01-07,14:00 - 15:00,20,µg/m³
PM2.5,2024-01-07,15:00 - 16:00,15,µg/m³
PM2.5,2024-01-07,16:00 - 17:00,15,µg/m³
PM2.5,2024-01-07,17:00 - 18:00,15,µg/m³
PM2.5,2024-01-07,18:00 - 19:00,15,µg/m³
PM2.5,2024-01-07,19:00 - 20:00,15,µg/m³
PM2.5,2024-01-07,20:00 - 21:00,15,µg/m³
PM2.5,2024-01-08,23:00 - 0:00,12,µg/m³
PM2.5,2024-01-08,0:00 - 1:00,8,µg/m³
PM2.5,2024-01-08,1:00 - 2:00,10,µg/m³
PM2.5,2024-01-08,2:00 - 3:00,13,µg/m³
PM2.5,2024-01-08,3:00 - 4:00,14,µg/m³
PM2.5,2024-01-08,4:00 - 5:00,17,µg/m³
PM2.5,2024-01-11,18:00 - 19:00,13,µg/m³
PM2.5,2024-01-11,19:00 - 20:00,24,µg/m³
PM2.5,2024-01-11,20:00 - 21:00,19,µg/m³
PM2.5,2024-01-11,21:00 - 22:00,29,µg/m³
PM2.5,2024-01-11,22:00 - 23:00,32,µg/m³
PM2.5,2024-01-12,23:00 - 0:00,35,µg/m³
PM2.5,2024-01-12,0:00 - 1:00,28,µg/m³
PM2.5,2024-01-12,1:00 - 2:00,25,µg/m³
PM2.5,2024-01-12,2:00 - 3:00,23,µg/m³
PM2.5,2024-01-12,3:00 - 4:00,16,µg/m³
PM2.5,2024-01-12,4:00 - 5:00,10,µg/m³
PM2.5,2024-01-12,5:00 - 6:00,41,µg/m³
PM2.5,2024-01-12,6:00 - 7:00,73,µg/m³
PM2.5,2024-01-17,16:00 - 17:00,20,µg/m³
PM2.5,2024-01-17,17:00 - 18:00,18,µg/m³
PM2.5,2024-01-17,18:00 - 19:00,22,µg/m³
PM2.5,2024-01-17,19:00 - 20:00,24,µg/m³
PM2.5,2024-01-17,20:00 - 21:00,25,µg/m³
PM2.5,2024-01-19,17:00 - 18:00,9,µg/m³
PM2.5,2024-01-19,18:00 - 19:00,8,µg/m³
PM2.5,2024-01-26,8:00 - 9:00,12,µg/m³
PM2.5,2024-01-26,9:00 - 10:00,12,µg/m³
PM2.5,2024-01-26,10:00 - 11:00,16,µg/m³
PM2.5,2024-01-26,11:00 - 12:00,20,µg/m³
PM2.5,2024-01-26,12:00 - 13:00,24,µg/m³
PM2.5,2024-01-26,13:00 - 14:00,23,µg/m³
PM2.5,2024-01-26,14:00 - 15:00,29,µg/m³
PM2.5,2024-01-26,15:00 - 16:00,24,µg/m³
PM2.5,2024-01-26,16:00 - 17:00,20,µg/m³
PM2.5,2024-01-26,17:00 - 18:00,19,µg/m³
PM2.5,2024-01-26,18:00 - 19:00,20,µg/m³
PM2.5,2024-01-26,19:00 - 20:00,16,µg/m³
PM2.5,2024-01-26,20:00 - 21:00,15,µg/m³
PM2.5,2024-01-26,21:00 - 22:00,13,µg/m³
PM2.5,2024-01-26,22:00 - 23:00,16,µg/m³
PM2.5,2024-01-27,23:00 - 0:00,11,µg/m³
PM2.5,2024-01-27,0:00 - 1:00,8,µg/m³
PM2.5,2024-01-27,1:00 - 2:00,8,µg/m³
PM2.5,2024-01-27,2:00 - 3:00,6,µg/m³
PM2.5,2024-01-27,3:00 - 4:00,6,µg/m³
PM2.5,2024-01-27,4:00 - 5:00,5,µg/m³
PM2.5,2024-01-27,5:00 - 6:00,5,µg/m³
PM2.5,2024-01-27,6:00 - 7:00,5,µg/m³
PM2.5,2024-01-27,7:00 - 8:00,5,µg/m³
PM2.5,2024-01-27,8:00 - 9:00,5,µg/m³
PM2.5,2024-01-27,9:00 - 10:00,5,µg/m³
PM2.5,2024-01-27,10:00 - 11:00,6,µg/m³
PM2.5,2024-01-27,11:00 - 12:00,7,µg/m³
PM2.5,2024-01-27,12:00 - 13:00,17,µg/m³
PM2.5,2024-01-27,13:00 - 14:00,14,µg/m³
PM2.5,2024-01-27,14:00 - 15:00,9,µg/m³
PM2.5,2024-01-27,15:00 - 16:00,9,µg/m³
PM2.5,2024-01-27,16:00 - 17:00,7,µg/m³
PM2.5,2024-01-27,17:00 - 18:00,6,µg/m³
PM2.5,2024-01-27,18:00 - 19:00,6,µg/m³
PM2.5,2024-01-27,19:00 - 20:00,7,µg/m³
PM2.5,2024-01-27,20:00 - 21:00,7,µg/m³
PM2.5,2024-01-27,21:00 - 22:00,10,µg/m³
PM2.5,2024-01-27,22:00 - 23:00,9,µg/m³
PM2.5,2024-01-28,23:00 - 0:00,7,µg/m³
PM2.5,2024-01-28,0:00 - 1:00,7,µg/m³
PM2.5,2024-01-28,1:00 - 2:00,8,µg/m³
PM2.5,2024-01-28,2:00 - 3:00,8,µg/m³
PM2.5,2024-01-28,3:00 - 4:00,9,µg/m³
PM2.5,2024-01-28,4:00 - 5:00,8,µg/m³
PM2.5,2024-01-28,5:00 - 6:00,8,µg/m³
PM2.5,2024-01-28,6:00 - 7:00,8,µg/m³
PM2.5,2024-01-28,7:00 - 8:00,10,µg/m³
PM2.5,2024-01-28,8:00 - 9:00,10,µg/m³
PM2.5,2024-01-28,9:00 - 10:00,9,µg/m³
PM2.5,2024-01-29,1:00 - 2:00,6,µg/m³
PM2.5,2024-01-29,2:00 - 3:00,5,µg/m³
PM2.5,2024-01-29,3:00 - 4:00,5,µg/m³
PM2.5,2024-01-29,4:00 - 5:00,7,µg/m³
PM2.5,2024-01-29,5:00 - 6:00,8,µg/m³
PM2.5,2024-01-29,6:00 - 7:00,11,µg/m³
PM2.5,2024-01-29,7:00 - 8:00,13,µg/m³
PM2.5,2024-01-29,8:00 - 9:00,13,µg/m³
PM2.5,2024-01-29,9:00 - 10:00,20,µg/m³
PM2.5,2024-01-29,10:00 - 11:00,19,µg/m³
PM2.5,2024-01-29,11:00 - 12:00,20,µg/m³
PM2.5,2024-01-29,12:00 - 13:00,16,µg/m³
PM2.5,2024-01-29,13:00 - 14:00,15,µg/m³
PM2.5,2024-01-29,14:00 - 15:00,17,µg/m³
PM2.5,2024-01-29,15:00 - 16:00,12,µg/m³
PM2.5,2024-01-29,16:00 - 17:00,6,µg/m³
PM2.5,2024-01-29,17:00 - 18:00,7,µg/m³
PM2.5,2024-01-29,18:00 - 19:00,8,µg/m³
PM2.5,2024-01-29,19:00 - 20:00,7,µg/m³
PM2.5,2024-01-29,20:00 - 21:00,5,µg/m³
PM2.5,2024-01-29,21:00 - 22:00,6,µg/m³
PM2.5,2024-01-29,22:00 - 23:00,7,µg/m³
PM2.5,2024-01-30,23:00 - 0:00,7,µg/m³
PM2.5,2024-01-30,0:00 - 1:00,4,µg/m³
PM2.5,2024-01-30,1:00 - 2:00,5,µg/m³
PM2.5,2024-01-30,2:00 - 3:00,9,µg/m³
PM2.5,2024-01-30,3:00 - 4:00,7,µg/m³
PM2.5,2024-01-30,4:00 - 5:00,6,µg/m³
PM2.5,2024-01-30,5:00 - 6:00,8,µg/m³
PM2.5,2024-01-30,6:00 - 7:00,11,µg/m³
PM2.5,2024-01-30,7:00 - 8:00,17,µg/m³
PM2.5,2024-01-30,8:00 - 9:00,17,µg/m³
PM2.5,2024-01-30,9:00 - 10:00,21,µg/m³
PM2.5,2024-01-30,10:00 - 11:00,34,µg/m³
PM2.5,2024-01-30,11:00 - 12:00,38,µg/m³
PM2.5,2024-01-30,12:00 - 13:00,28,µg/m³
PM2.5,2024-01-30,13:00 - 14:00,21,µg/m³
PM2.5,2024-01-30,14:00 - 15:00,20,µg/m³
PM2.5,2024-01-30,15:00 - 16:00,20,µg/m³
PM2.5,2024-01-30,16:00 - 17:00,22,µg/m³
PM2.5,2024-01-30,17:00 - 18:00,13,µg/m³
PM2.5,2024-01-30,18:00 - 19:00,12,µg/m³
PM2.5,2024-01-30,19:00 - 20:00,10,µg/m³
PM2.5,2024-01-30,20:00 - 21:00,14,µg/m³
PM2.5,2024-01-30,21:00 - 22:00,14,µg/m³
PM2.5,2024-01-30,22:00 - 23:00,13,µg/m³
PM2.5,2024-01-31,23:00 - 0:00,13,µg/m³
PM2.5,2024-01-31,0:00 - 1:00,11,µg/m³
PM2.5,2024-01-31,1:00 - 2:00,10,µg/m³
PM2.5,2024-01-31,2:00 - 3:00,13,µg/m³
PM2.5,2024-01-31,3:00 - 4:00,13,µg/m³
PM2.5,2024-01-31,4:00 - 5:00,13,µg/m³
PM2.5,2024-01-31,5:00 - 6:00,17,µg/m³
PM2.5,2024-01-31,6:00 - 7:00,17,µg/m³
PM2.5,2024-01-31,7:00 - 8:00,20,µg/m³
PM2.5,2024-01-31,8:00 - 9:00,23,µg/m³
PM2.5,2024-01-31,9:00 - 10:00,33,µg/m³
PM2.5,2024-01-31,10:00 - 11:00,36,µg/m³
PM2.5,2024-02-01,7:00 - 8:00,11,µg/m³
PM2.5,2024-02-01,12:00 - 13:00,39,µg/m³
PM2.5,2024-02-01,13:00 - 14:00,36,µg/m³
PM2.5,2024-02-01,14:00 - 15:00,36,µg/m³
PM2.5,2024-02-01,15:00 - 16:00,18,µg/m³
PM2.5,2024-02-01,16:00 - 17:00,14,µg/m³
PM2.5,2024-02-01,17:00 - 18:00,16,µg/m³
PM2.5,2024-02-01,19:00 - 20:00,17,µg/m³
PM2.5,2024-02-01,20:00 - 21:00,20,µg/m³
PM2.5,2024-02-01,21:00 - 22:00,20,µg/m³
PM2.5,2024-02-01,22:00 - 23:00,20,µg/m³
PM2.5,2024-02-02,23:00 - 0:00,26,µg/m³
PM2.5,2024-02-02,0:00 - 1:00,28,µg/m³
PM2.5,2024-02-02,1:00 - 2:00,24,µg/m³
PM2.5,2024-02-02,2:00 - 3:00,22,µg/m³
PM2.5,2024-02-02,3:00 - 4:00,23,µg/m³
PM2.5,2024-02-02,4:00 - 5:00,23,µg/m³
PM2.5,2024-02-02,5:00 - 6:00,25,µg/m³
PM2.5,2024-02-02,6:00 - 7:00,28,µg/m³
PM2.5,2024-02-02,7:00 - 8:00,32,µg/m³
PM2.5,2024-02-02,8:00 - 9:00,34,µg/m³
PM2.5,2024-02-02,9:00 - 10:00,33,µg/m³
PM2.5,2024-02-02,10:00 - 11:00,35,µg/m³
PM2.5,2024-02-02,11:00 - 12:00,58,µg/m³
PM2.5,2024-02-02,12:00 - 13:00,37,µg/m³
PM2.5,2024-02-02,13:00 - 14:00,34,µg/m³
PM2.5,2024-02-02,14:00 - 15:00,27,µg/m³
PM2.5,2024-02-02,15:00 - 16:00,21,µg/m³
PM2.5,2024-02-02,16:00 - 17:00,14,µg/m³
PM2.5,2024-02-02,17:00 - 18:00,13,µg/m³
PM2.5,2024-02-02,18:00 - 19:00,13,µg/m³
PM2.5,2024-02-02,19:00 - 20:00,14,µg/m³
PM2.5,2024-02-02,20:00 - 21:00,17,µg/m³
PM2.5,2024-02-02,21:00 - 22:00,26,µg/m³
PM2.5,2024-02-02,22:00 - 23:00,25,µg/m³
PM2.5,2024-02-03,23:00 - 0:00,23,µg/m³
PM2.5,2024-02-03,0:00 - 1:00,22,µg/m³
PM2.5,2024-02-03,1:00 - 2:00,18,µg/m³
PM2.5,2024-02-03,2:00 - 3:00,16,µg/m³
PM2.5,2024-02-03,3:00 - 4:00,14,µg/m³
PM2.5,2024-02-03,4:00 - 5:00,10,µg/m³
PM2.5,2024-02-03,5:00 - 6:00,6,µg/m³
PM2.5,2024-02-03,6:00 - 7:00,8,µg/m³
PM2.5,2024-02-03,7:00 - 8:00,8,µg/m³
PM2.5,2024-02-03,13:00 - 14:00,7,µg/m³
PM2.5,2024-02-03,15:00 - 16:00,5,µg/m³
PM2.5,2024-02-03,16:00 - 17:00,4,µg/m³
PM2.5,2024-02-03,17:00 - 18:00,4,µg/m³
PM2.5,2024-02-03,18:00 - 19:00,4,µg/m³
PM2.5,2024-02-03,19:00 - 20:00,11,µg/m³
PM2.5,2024-02-03,20:00 - 21:00,20,µg/m³
PM2.5,2024-02-03,21:00 - 22:00,12,µg/m³
PM2.5,2024-02-03,22:00 - 23:00,12,µg/m³
PM2.5,2024-02-04,23:00 - 0:00,11,µg/m³
PM2.5,2024-02-09,14:00 - 15:00,18,µg/m³
PM2.5,2024-02-09,15:00 - 16:00,18,µg/m³
PM2.5,2024-02-09,16:00 - 17:00,17,µg/m³
PM2.5,2024-02-09,17:00 - 18:00,17,µg/m³
PM2.5,2024-02-09,18:00 - 19:00,14,µg/m³
PM2.5,2024-02-09,19:00 - 20:00,14,µg/m³
PM2.5,2024-02-09,20:00 - 21:00,17,µg/m³
PM2.5,2024-02-09,21:00 - 22:00,17,µg/m³
PM2.5,2024-02-09,22:00 - 23:00,19,µg/m³
PM2.5,2024-02-10,23:00 - 0:00,19,µg/m³
PM2.5,2024-02-10,0:00 - 1:00,20,µg/m³
PM2.5,2024-02-11,0:00 - 1:00,21,µg/m³
PM2.5,2024-02-11,1:00 - 2:00,21,µg/m³
PM2.5,2024-02-11,2:00 - 3:00,20,µg/m³
PM2.5,2024-02-11,3:00 - 4:00,20,µg/m³
PM2.5,2024-02-11,4:00 - 5:00,18,µg/m³
PM2.5,2024-02-11,5:00 - 6:00,18,µg/m³
PM2.5,2024-02-11,6:00 - 7:00,19,µg/m³
PM2.5,2024-02-11,7:00 - 8:00,19,µg/m³
PM2.5,2024-02-11,8:00 - 9:00,19,µg/m³
PM2.5,2024-02-11,9:00 - 10:00,19,µg/m³
PM2.5,2024-02-11,10:00 - 11:00,21,µg/m³
PM2.5,2024-02-11,11:00 - 12:00,21,µg/m³
PM2.5,2024-02-11,12:00 - 13:00,22,µg/m³
PM2.5,2024-02-11,13:00 - 14:00,22,µg/m³
PM2.5,2024-02-11,14:00 - 15:00,22,µg/m³
PM2.5,2024-02-11,15:00 - 16:00,22,µg/m³
PM2.5,2024-02-11,16:00 - 17:00,25,µg/m³
PM2.5,2024-02-11,17:00 - 18:00,25,µg/m³
PM2.5,2024-02-11,18:00 - 19:00,31,µg/m³
PM2.5,2024-02-11,19:00 - 20:00,31,µg/m³
PM2.5,2024-02-11,20:00 - 21:00,29,µg/m³
PM2.5,2024-02-11,21:00 - 22:00,29,µg/m³
PM2.5,2024-02-11,22:00 - 23:00,28,µg/m³
PM2.5,2024-02-12,5:00 - 6:00,26,µg/m³
PM2.5,2024-02-12,6:00 - 7:00,24,µg/m³
PM2.5,2024-02-12,7:00 - 8:00,17,µg/m³
PM2.5,2024-02-12,8:00 - 9:00,11,µg/m³
PM2.5,2024-02-12,10:00 - 11:00,12,µg/m³
PM2.5,2024-02-12,11:00 - 12:00,10,µg/m³
PM2.5,2024-02-12,12:00 - 13:00,10,µg/m³
PM2.5,2024-02-12,13:00 - 14:00,7,µg/m³
PM2.5,2024-02-12,14:00 - 15:00,7,µg/m³
PM2.5,2024-02-12,15:00 - 16:00,12,µg/m³
PM2.5,2024-02-12,16:00 - 17:00,15,µg/m³
PM2.5,2024-02-12,17:00 - 18:00,13,µg/m³
PM2.5,2024-02-12,18:00 - 19:00,8,µg/m³
PM2.5,2024-02-12,19:00 - 20:00,9,µg/m³
PM2.5,2024-02-12,20:00 - 21:00,8,µg/m³
PM2.5,2024-02-12,21:00 - 22:00,5,µg/m³
PM2.5,2024-02-12,22:00 - 23:00,4,µg/m³
PM2.5,2024-02-13,23:00 - 0:00,4,µg/m³
PM2.5,2024-02-13,0:00 - 1:00,4,µg/m³
PM2.5,2024-02-13,1:00 - 2:00,4,µg/m³
PM2.5,2024-02-13,2:00 - 3:00,3,µg/m³
PM2.5,2024-02-13,3:00 - 4:00,4,µg/m³
PM2.5,2024-02-13,6:00 - 7:00,7,µg/m³
PM2.5,2024-02-13,7:00 - 8:00,6,µg/m³
PM2.5,2024-02-13,8:00 - 9:00,6,µg/m³
PM2.5,2024-02-13,9:00 - 10:00,7,µg/m³
PM2.5,2024-02-13,10:00 - 11:00,9,µg/m³
PM2.5,2024-02-13,11:00 - 12:00,8,µg/m³
PM2.5,2024-02-13,12:00 - 13:00,9,µg/m³
PM2.5,2024-02-13,13:00 - 14:00,8,µg/m³
PM2.5,2024-02-13,14:00 - 15:00,8,µg/m³
PM2.5,2024-02-13,15:00 - 16:00,7,µg/m³
PM2.5,2024-02-13,16:00 - 17:00,9,µg/m³
PM2.5,2024-02-13,17:00 - 18:00,7,µg/m³
PM2.5,2024-02-13,18:00 - 19:00,6,µg/m³
PM2.5,2024-02-13,19:00 - 20:00,4,µg/m³
PM2.5,2024-02-13,20:00 - 21:00,4,µg/m³
PM2.5,2024-02-13,21:00 - 22:00,3,µg/m³
PM2.5,2024-02-13,22:00 - 23:00,4,µg/m³
PM2.5,2024-02-14,23:00 - 0:00,3,µg/m³
PM2.5,2024-02-14,0:00 - 1:00,3,µg/m³
PM2.5,2024-02-14,1:00 - 2:00,3,µg/m³
PM2.5,2024-02-14,2:00 - 3:00,3,µg/m³
PM2.5,2024-02-14,3:00 - 4:00,3,µg/m³
PM2.5,2024-02-14,4:00 - 5:00,3,µg/m³
PM2.5,2024-02-14,5:00 - 6:00,7,µg/m³
PM2.5,2024-02-14,6:00 - 7:00,5,µg/m³
PM2.5,2024-02-14,7:00 - 8:00,5,µg/m³
PM2.5,2024-02-14,8:00 - 9:00,5,µg/m³
PM2.5,2024-02-14,9:00 - 10:00,7,µg/m³
PM2.5,2024-02-14,10:00 - 11:00,14,µg/m³
PM2.5,2024-02-14,11:00 - 12:00,14,µg/m³
PM2.5,2024-02-14,12:00 - 13:00,15,µg/m³
PM2.5,2024-02-14,13:00 - 14:00,15,µg/m³
PM2.5,2024-02-14,14:00 - 15:00,17,µg/m³
PM2.5,2024-02-14,15:00 - 16:00,17,µg/m³
PM2.5,2024-02-14,16:00 - 17:00,14,µg/m³
PM2.5,2024-02-14,17:00 - 18:00,14,µg/m³
PM2.5,2024-02-14,18:00 - 19:00,18,µg/m³
PM2.5,2024-02-14,19:00 - 20:00,18,µg/m³
PM2.5,2024-02-14,20:00 - 21:00,18,µg/m³
PM2.5,2024-02-14,21:00 - 22:00,18,µg/m³
PM2.5,2024-02-14,22:00 - 23:00,11,µg/m³
PM2.5,2024-02-15,23:00 - 0:00,11,µg/m³
PM2.5,2024-02-15,0:00 - 1:00,5,µg/m³
PM2.5,2024-02-16,0:00 - 1:00,5,µg/m³
PM2.5,2024-02-16,1:00 - 2:00,5,µg/m³
PM2.5,2024-02-16,2:00 - 3:00,7,µg/m³
PM2.5,2024-02-16,3:00 - 4:00,7,µg/m³
PM2.5,2024-02-16,4:00 - 5:00,8,µg/m³
PM2.5,2024-02-16,5:00 - 6:00,8,µg/m³
PM2.5,2024-02-16,6:00 - 7:00,22,µg/m³
PM2.5,2024-02-16,7:00 - 8:00,22,µg/m³
PM2.5,2024-02-16,8:00 - 9:00,13,µg/m³
PM2.5,2024-02-16,9:00 - 10:00,13,µg/m³
PM2.5,2024-02-16,10:00 - 11:00,12,µg/m³
PM2.5,2024-02-16,11:00 - 12:00,12,µg/m³
PM2.5,2024-02-16,12:00 - 13:00,15,µg/m³
PM2.5,2024-02-16,13:00 - 14:00,15,µg/m³
PM2.5,2024-02-16,14:00 - 15:00,20,µg/m³
PM2.5,2024-02-16,15:00 - 16:00,20,µg/m³
PM2.5,2024-02-16,16:00 - 17:00,21,µg/m³
PM2.5,2024-02-16,17:00 - 18:00,21,µg/m³
PM2.5,2024-02-16,19:00 - 20:00,21,µg/m³
PM2.5,2024-02-16,20:00 - 21:00,21,µg/m³
PM2.5,2024-02-16,21:00 - 22:00,21,µg/m³
PM2.5,2024-02-16,22:00 - 23:00,28,µg/m³
PM2.5,2024-02-17,23:00 - 0:00,28,µg/m³
PM2.5,2024-02-18,1:00 - 2:00,23,µg/m³
PM2.5,2024-02-18,3:00 - 4:00,21,µg/m³
PM2.5,2024-02-18,13:00 - 14:00,39,µg/m³
PM2.5,2024-02-18,14:00 - 15:00,31,µg/m³
PM2.5,2024-02-18,15:00 - 16:00,31,µg/m³
PM2.5,2024-02-18,16:00 - 17:00,31,µg/m³
PM2.5,2024-02-18,17:00 - 18:00,31,µg/m³
PM2.5,2024-02-18,18:00 - 19:00,33,µg/m³
PM2.5,2024-02-18,19:00 - 20:00,33,µg/m³
PM2.5,2024-02-18,20:00 - 21:00,28,µg/m³
PM2.5,2024-02-18,21:00 - 22:00,28,µg/m³
PM2.5,2024-02-18,22:00 - 23:00,27,µg/m³
PM2.5,2024-02-19,23:00 - 0:00,27,µg/m³
PM2.5,2024-02-19,0:00 - 1:00,18,µg/m³
PM2.5,2024-02-20,0:00 - 1:00,19,µg/m³
PM2.5,2024-02-20,1:00 - 2:00,19,µg/m³
PM2.5,2024-02-20,2:00 - 3:00,17,µg/m³
PM2.5,2024-02-20,3:00 - 4:00,17,µg/m³
PM2.5,2024-02-20,4:00 - 5:00,21,µg/m³
PM2.5,2024-02-20,6:00 - 7:00,18,µg/m³
PM2.5,2024-02-20,7:00 - 8:00,18,µg/m³
PM2.5,2024-02-20,8:00 - 9:00,18,µg/m³
PM2.5,2024-02-20,9:00 - 10:00,18,µg/m³
PM2.5,2024-02-20,10:00 - 11:00,20,µg/m³
PM2.5,2024-02-20,11:00 - 12:00,35,µg/m³
PM2.5,2024-02-20,12:00 - 13:00,39,µg/m³
PM2.5,2024-02-20,13:00 - 14:00,18,µg/m³
PM2.5,2024-02-20,14:00 - 15:00,23,µg/m³
PM2.5,2024-02-20,15:00 - 16:00,23,µg/m³
PM2.5,2024-02-20,16:00 - 17:00,12,µg/m³
PM2.5,2024-02-20,17:00 - 18:00,7,µg/m³
PM2.5,2024-02-20,18:00 - 19:00,9,µg/m³
PM2.5,2024-02-20,19:00 - 20:00,8,µg/m³
PM2.5,2024-02-20,20:00 - 21:00,7,µg/m³
PM2.5,2024-02-20,21:00 - 22:00,9,µg/m³
PM2.5,2024-02-20,22:00 - 23:00,10,µg/m³
PM2.5,2024-02-21,23:00 - 0:00,10,µg/m³
PM2.5,2024-02-21,0:00 - 1:00,9,µg/m³
PM2.5,2024-02-21,1:00 - 2:00,10,µg/m³
PM2.5,2024-02-21,2:00 - 3:00,12,µg/m³
PM2.5,2024-02-21,3:00 - 4:00,13,µg/m³
PM2.5,2024-02-21,4:00 - 5:00,12,µg/m³
PM2.5,2024-02-21,5:00 - 6:00,14,µg/m³
PM2.5,2024-02-21,6:00 - 7:00,21,µg/m³
PM2.5,2024-02-21,7:00 - 8:00,20,µg/m³
PM2.5,2024-02-21,8:00 - 9:00,23,µg/m³
PM2.5,2024-02-21,9:00 - 10:00,21,µg/m³
PM2.5,2024-02-21,10:00 - 11:00,33,µg/m³
PM2.5,2024-02-21,11:00 - 12:00,39,µg/m³
PM2.5,2024-02-21,12:00 - 13:00,52,µg/m³
PM2.5,2024-02-21,13:00 - 14:00,35,µg/m³
PM2.5,2024-02-21,14:00 - 15:00,26,µg/m³
PM2.5,2024-02-21,15:00 - 16:00,19,µg/m³
PM2.5,2024-02-21,16:00 - 17:00,12,µg/m³
PM2.5,2024-02-21,17:00 - 18:00,11,µg/m³
PM2.5,2024-02-21,20:00 - 21:00,16,µg/m³
PM2.5,2024-02-21,21:00 - 22:00,24,µg/m³
PM2.5,2024-02-21,22:00 - 23:00,19,µg/m³
PM2.5,2024-02-22,23:00 - 0:00,13,µg/m³
PM2.5,2024-02-26,14:00 - 15:00,38,µg/m³
PM2.5,2024-02-26,15:00 - 16:00,31,µg/m³
PM2.5,2024-02-26,16:00 - 17:00,26,µg/m³
PM2.5,2024-02-26,17:00 - 18:00,19,µg/m³
PM2.5,2024-02-26,18:00 - 19:00,19,µg/m³
PM2.5,2024-02-26,19:00 - 20:00,20,µg/m³
PM2.5,2024-02-26,20:00 - 21:00,18,µg/m³
PM2.5,2024-02-26,21:00 - 22:00,18,µg/m³
PM2.5,2024-02-26,22:00 - 23:00,19,µg/m³
PM2.5,2024-02-27,23:00 - 0:00,19,µg/m³
PM2.5,2024-02-27,0:00 - 1:00,22,µg/m³
PM2.5,2024-02-27,1:00 - 2:00,23,µg/m³
PM2.5,2024-02-27,2:00 - 3:00,28,µg/m³
PM2.5,2024-02-27,3:00 - 4:00,26,µg/m³
PM2.5,2024-02-27,4:00 - 5:00,27,µg/m³
PM2.5,2024-02-27,5:00 - 6:00,21,µg/m³
PM2.5,2024-02-27,6:00 - 7:00,17,µg/m³
PM2.5,2024-02-27,7:00 - 8:00,14,µg/m³
PM2.5,2024-02-27,8:00 - 9:00,12,µg/m³
PM2.5,2024-02-27,9:00 - 10:00,15,µg/m³
PM2.5,2024-02-27,10:00 - 11:00,16,µg/m³
PM2.5,2024-02-27,11:00 - 12:00,16,µg/m³
PM2.5,2024-02-27,12:00 - 13:00,10,µg/m³
PM2.5,2024-02-27,13:00 - 14:00,9,µg/m³
PM2.5,2024-02-27,14:00 - 15:00,10,µg/m³
PM2.5,2024-02-27,15:00 - 16:00,10,µg/m³
PM2.5,2024-02-27,16:00 - 17:00,9,µg/m³
PM2.5,2024-02-27,17:00 - 18:00,11,µg/m³
PM2.5,2024-02-27,18:00 - 19:00,14,µg/m³
PM2.5,2024-02-27,19:00 - 20:00,21,µg/m³
PM2.5,2024-02-27,20:00 - 21:00,22,µg/m³
PM2.5,2024-02-27,21:00 - 22:00,18,µg/m³
PM2.5,2024-02-27,22:00 - 23:00,19,µg/m³
PM2.5,2024-02-28,23:00 - 0:00,20,µg/m³
PM2.5,2024-02-28,0:00 - 1:00,22,µg/m³
PM2.5,2024-02-28,1:00 - 2:00,23,µg/m³
PM2.5,2024-02-28,2:00 - 3:00,22,µg/m³
PM2.5,2024-02-28,3:00 - 4:00,18,µg/m³
PM2.5,2024-02-28,4:00 - 5:00,16,µg/m³
PM2.5,2024-02-28,5:00 - 6:00,17,µg/m³
PM2.5,2024-02-28,6:00 - 7:00,20,µg/m³
PM2.5,2024-02-28,7:00 - 8:00,19,µg/m³
PM2.5,2024-02-28,8:00 - 9:00,18,µg/m³
PM2.5,2024-02-28,9:00 - 10:00,21,µg/m³
PM2.5,2024-02-28,10:00 - 11:00,26,µg/m³
PM2.5,2024-02-28,11:00 - 12:00,13,µg/m³
PM2.5,2024-02-28,12:00 - 13:00,17,µg/m³
PM2.5,2024-02-28,13:00 - 14:00,27,µg/m³
PM2.5,2024-02-28,14:00 - 15:00,30,µg/m³
PM2.5,2024-02-28,15:00 - 16:00,22,µg/m³
PM2.5,2024-02-28,16:00 - 17:00,21,µg/m³
PM2.5,2024-02-28,17:00 - 18:00,22,µg/m³
PM2.5,2024-02-28,18:00 - 19:00,22,µg/m³
PM2.5,2024-02-28,19:00 - 20:00,25,µg/m³
PM2.5,2024-02-28,20:00 - 21:00,30,µg/m³
PM2.5,2024-02-28,21:00 - 22:00,31,µg/m³
PM2.5,2024-02-28,22:00 - 23:00,35,µg/m³
PM2.5,2024-02-29,23:00 - 0:00,50,µg/m³
PM2.5,2024-02-29,0:00 - 1:00,44,µg/m³
PM2.5,2024-02-29,1:00 - 2:00,40,µg/m³
PM2.5,2024-02-29,2:00 - 3:00,45,µg/m³
PM2.5,2024-02-29,3:00 - 4:00,47,µg/m³
PM2.5,2024-02-29,4:00 - 5:00,40,µg/m³
PM2.5,2024-02-29,5:00 - 6:00,39,µg/m³
PM2.5,2024-02-29,6:00 - 7:00,33,µg/m³
PM2.5,2024-02-29,7:00 - 8:00,29,µg/m³
PM2.5,2024-02-29,8:00 - 9:00,24,µg/m³
PM2.5,2024-02-29,9:00 - 10:00,19,µg/m³
PM2.5,2024-02-29,10:00 - 11:00,19,µg/m³
PM2.5,2024-02-29,11:00 - 12:00,23,µg/m³
PM2.5,2024-02-29,12:00 - 13:00,22,µg/m³
PM2.5,2024-02-29,13:00 - 14:00,29,µg/m³
PM2.5,2024-02-29,14:00 - 15:00,35,µg/m³
PM2.5,2024-02-29,15:00 - 16:00,27,µg/m³
PM2.5,2024-02-29,16:00 - 17:00,21,µg/m³
PM2.5,2024-02-29,17:00 - 18:00,21,µg/m³
PM2.5,2024-02-29,18:00 - 19:00,20,µg/m³
PM2.5,2024-02-29,19:00 - 20:00,18,µg/m³
PM2.5,2024-02-29,20:00 - 21:00,21,µg/m³
PM2.5,2024-02-29,21:00 - 22:00,19,µg/m³
PM2.5,2024-02-29,22:00 - 23:00,17,µg/m³
PM2.5,2024-03-01,0:00 - 1:00,15,µg/m³
PM2.5,2024-03-01,1:00 - 2:00,14,µg/m³
PM2.5,2024-03-01,2:00 - 3:00,15,µg/m³
PM2.5,2024-03-01,3:00 - 4:00,15,µg/m³
PM2.5,2024-03-01,4:00 - 5:00,16,µg/m³
PM2.5,2024-03-01,5:00 - 6:00,19,µg/m³
PM2.5,2024-03-01,6:00 - 7:00,22,µg/m³
PM2.5,2024-03-01,7:00 - 8:00,24,µg/m³
PM2.5,2024-03-01,8:00 - 9:00,30,µg/m³
PM2.5,2024-03-01,9:00 - 10:00,40,µg/m³
PM2.5,2024-03-01,10:00 - 11:00,40,µg/m³
PM2.5,2024-03-01,11:00 - 12:00,42,µg/m³
PM2.5,2024-03-01,12:00 - 13:00,37,µg/m³
PM2.5,2024-03-01,14:00 - 15:00,35,µg/m³
PM2.5,2024-03-01,15:00 - 16:00,24,µg/m³
PM2.5,2024-03-01,16:00 - 17:00,23,µg/m³
PM2.5,2024-03-01,17:00 - 18:00,26,µg/m³
PM2.5,2024-03-01,18:00 - 19:00,19,µg/m³
PM2.5,2024-03-01,19:00 - 20:00,17,µg/m³
PM2.5,2024-03-01,20:00 - 21:00,16,µg/m³
PM2.5,2024-03-01,21:00 - 22:00,20,µg/m³
PM2.5,2024-03-01,22:00 - 23:00,22,µg/m³
PM2.5,2024-03-02,23:00 - 0:00,15,µg/m³
PM2.5,2024-03-02,0:00 - 1:00,13,µg/m³
PM2.5,2024-03-02,1:00 - 2:00,14,µg/m³
PM2.5,2024-03-02,2:00 - 3:00,15,µg/m³
PM2.5,2024-03-02,3:00 - 4:00,16,µg/m³
PM2.5,2024-03-02,4:00 - 5:00,22,µg/m³
PM2.5,2024-03-02,5:00 - 6:00,23,µg/m³
PM2.5,2024-03-02,6:00 - 7:00,26,µg/m³
PM2.5,2024-03-02,7:00 - 8:00,24,µg/m³
PM2.5,2024-03-02,8:00 - 9:00,22,µg/m³
PM2.5,2024-03-02,9:00 - 10:00,20,µg/m³
PM2.5,2024-03-02,10:00 - 11:00,26,µg/m³
PM2.5,2024-03-02,11:00 - 12:00,44,µg/m³
PM2.5,2024-03-02,12:00 - 13:00,45,µg/m³
PM2.5,2024-03-02,13:00 - 14:00,39,µg/m³
PM2.5,2024-03-02,14:00 - 15:00,28,µg/m³
PM2.5,2024-03-02,15:00 - 16:00,26,µg/m³
PM2.5,2024-03-02,16:00 - 17:00,24,µg/m³
PM2.5,2024-03-02,17:00 - 18:00,15,µg/m³
PM2.5,2024-03-02,18:00 - 19:00,14,µg/m³
PM2.5,2024-03-02,19:00 - 20:00,12,µg/m³
PM2.5,2024-03-02,20:00 - 21:00,13,µg/m³
PM2.5,2024-03-02,21:00 - 22:00,16,µg/m³
PM2.5,2024-03-02,22:00 - 23:00,16,µg/m³
PM2.5,2024-03-03,23:00 - 0:00,17,µg/m³
PM2.5,2024-03-03,0:00 - 1:00,18,µg/m³
PM2.5,2024-03-03,1:00 - 2:00,19,µg/m³
PM2.5,2024-03-03,2:00 - 3:00,20,µg/m³
PM2.5,2024-03-03,3:00 - 4:00,23,µg/m³
PM2.5,2024-03-03,4:00 - 5:00,26,µg/m³
PM2.5,2024-03-03,5:00 - 6:00,30,µg/m³
PM2.5,2024-03-03,6:00 - 7:00,33,µg/m³
PM2.5,2024-03-03,7:00 - 8:00,34,µg/m³
PM2.5,2024-03-03,8:00 - 9:00,36,µg/m³
PM2.5,2024-03-03,9:00 - 10:00,42,µg/m³
PM2.5,2024-03-03,10:00 - 11:00,43,µg/m³
PM2.5,2024-03-03,11:00 - 12:00,44,µg/m³
PM2.5,2024-03-03,12:00 - 13:00,48,µg/m³
PM2.5,2024-03-03,13:00 - 14:00,41,µg/m³
PM2.5,2024-03-03,14:00 - 15:00,31,µg/m³
PM2.5,2024-03-03,15:00 - 16:00,37,µg/m³
PM2.5,2024-03-03,16:00 - 17:00,29,µg/m³
PM2.5,2024-03-03,17:00 - 18:00,21,µg/m³
PM2.5,2024-03-03,18:00 - 19:00,21,µg/m³
PM2.5,2024-03-03,19:00 - 20:00,20,µg/m³
PM2.5,2024-03-03,20:00 - 21:00,17,µg/m³
PM2.5,2024-03-03,21:00 - 22:00,20,µg/m³
PM2.5,2024-03-03,22:00 - 23:00,22,µg/m³
PM2.5,2024-03-04,23:00 - 0:00,22,µg/m³
PM2.5,2024-03-04,0:00 - 1:00,20,µg/m³
PM2.5,2024-03-04,1:00 - 2:00,18,µg/m³
PM2.5,2024-03-04,2:00 - 3:00,18,µg/m³
PM2.5,2024-03-04,4:00 - 5:00,20,µg/m³
PM2.5,2024-03-04,5:00 - 6:00,33,µg/m³
PM2.5,2024-03-04,6:00 - 7:00,34,µg/m³
PM2.5,2024-03-04,7:00 - 8:00,30,µg/m³
PM2.5,2024-03-04,8:00 - 9:00,27,µg/m³
PM2.5,2024-03-04,9:00 - 10:00,34,µg/m³
PM2.5,2024-03-04,10:00 - 11:00,41,µg/m³
PM2.5,2024-03-04,11:00 - 12:00,40,µg/m³
PM2.5,2024-03-04,12:00 - 13:00,34,µg/m³
PM2.5,2024-03-04,13:00 - 14:00,30,µg/m³
PM2.5,2024-03-04,14:00 - 15:00,31,µg/m³
PM2.5,2024-03-04,15:00 - 16:00,26,µg/m³
PM2.5,2024-03-04,16:00 - 17:00,23,µg/m³
PM2.5,2024-03-04,17:00 - 18:00,23,µg/m³
PM2.5,2024-03-04,18:00 - 19:00,24,µg/m³
PM2.5,2024-03-04,19:00 - 20:00,26,µg/m³
PM2.5,2024-03-04,20:00 - 21:00,26,µg/m³
PM2.5,2024-03-04,21:00 - 22:00,24,µg/m³
PM2.5,2024-03-04,22:00 - 23:00,22,µg/m³
PM2.5,2024-03-05,23:00 - 0:00,23,µg/m³
PM2.5,2024-03-05,0:00 - 1:00,23,µg/m³
PM2.5,2024-03-05,1:00 - 2:00,22,µg/m³
PM2.5,2024-03-05,2:00 - 3:00,22,µg/m³
PM2.5,2024-03-05,3:00 - 4:00,23,µg/m³
PM2.5,2024-03-05,4:00 - 5:00,24,µg/m³
PM2.5,2024-03-05,5:00 - 6:00,28,µg/m³
PM2.5,2024-03-05,6:00 - 7:00,29,µg/m³
PM2.5,2024-03-05,7:00 - 8:00,26,µg/m³
PM2.5,2024-03-05,8:00 - 9:00,22,µg/m³
PM2.5,2024-03-05,9:00 - 10:00,20,µg/m³
PM2.5,2024-03-05,10:00 - 11:00,30,µg/m³
PM2.5,2024-03-05,11:00 - 12:00,31,µg/m³
PM2.5,2024-03-05,12:00 - 13:00,22,µg/m³
PM2.5,2024-03-05,13:00 - 14:00,15,µg/m³
PM2.5,2024-03-05,14:00 - 15:00,10,µg/m³
PM2.5,2024-03-05,15:00 - 16:00,13,µg/m³
PM2.5,2024-03-05,16:00 - 17:00,16,µg/m³
PM2.5,2024-03-05,17:00 - 18:00,15,µg/m³
PM2.5,2024-03-05,18:00 - 19:00,13,µg/m³
PM2.5,2024-03-05,19:00 - 20:00,14,µg/m³
PM2.5,2024-03-05,20:00 - 21:00,13,µg/m³
PM2.5,2024-03-05,21:00 - 22:00,14,µg/m³
PM2.5,2024-03-05,22:00 - 23:00,13,µg/m³
PM2.5,2024-03-06,23:00 - 0:00,15,µg/m³
PM2.5,2024-03-06,0:00 - 1:00,17,µg/m³
PM2.5,2024-03-06,1:00 - 2:00,20,µg/m³
PM2.5,2024-03-06,2:00 - 3:00,25,µg/m³
PM2.5,2024-03-06,3:00 - 4:00,29,µg/m³
PM2.5,2024-03-06,4:00 - 5:00,32,µg/m³
PM2.5,2024-03-06,5:00 - 6:00,36,µg/m³
PM2.5,2024-03-06,6:00 - 7:00,35,µg/m³
PM2.5,2024-03-06,7:00 - 8:00,34,µg/m³
PM2.5,2024-03-06,8:00 - 9:00,42,µg/m³
PM2.5,2024-03-06,9:00 - 10:00,42,µg/m³
PM2.5,2024-03-06,10:00 - 11:00,48,µg/m³
PM2.5,2024-03-06,11:00 - 12:00,47,µg/m³
PM2.5,2024-03-06,12:00 - 13:00,40,µg/m³
PM2.5,2024-03-06,13:00 - 14:00,36,µg/m³
PM2.5,2024-03-06,14:00 - 15:00,31,µg/m³
PM2.5,2024-03-06,15:00 - 16:00,25,µg/m³
PM2.5,2024-03-06,16:00 - 17:00,21,µg/m³
PM2.5,2024-03-06,17:00 - 18:00,19,µg/m³
PM2.5,2024-03-06,18:00 - 19:00,19,µg/m³
PM2.5,2024-03-06,19:00 - 20:00,17,µg/m³
PM2.5,2024-03-06,20:00 - 21:00,18,µg/m³
PM2.5,2024-03-06,21:00 - 22:00,19,µg/m³
PM2.5,2024-03-06,22:00 - 23:00,19,µg/m³
PM2.5,2024-03-07,23:00 - 0:00,21,µg/m³
PM2.5,2024-03-07,0:00 - 1:00,21,µg/m³
PM2.5,2024-03-07,4:00 - 5:00,22,µg/m³
PM2.5,2024-03-07,5:00 - 6:00,24,µg/m³
PM2.5,2024-03-07,6:00 - 7:00,25,µg/m³
PM2.5,2024-03-07,7:00 - 8:00,26,µg/m³
PM2.5,2024-03-07,8:00 - 9:00,26,µg/m³
PM2.5,2024-03-07,10:00 - 11:00,30,µg/m³
PM2.5,2024-03-07,11:00 - 12:00,34,µg/m³
PM2.5,2024-03-07,12:00 - 13:00,39,µg/m³
PM2.5,2024-03-07,13:00 - 14:00,43,µg/m³
PM2.5,2024-03-07,14:00 - 15:00,47,µg/m³
PM2.5,2024-03-07,15:00 - 16:00,36,µg/m³
PM2.5,2024-03-07,16:00 - 17:00,30,µg/m³
PM2.5,2024-03-07,17:00 - 18:00,29,µg/m³
PM2.5,2024-03-07,18:00 - 19:00,28,µg/m³
PM2.5,2024-03-07,19:00 - 20:00,33,µg/m³
PM2.5,2024-03-07,20:00 - 21:00,30,µg/m³
PM2.5,2024-03-07,21:00 - 22:00,30,µg/m³
PM2.5,2024-03-07,22:00 - 23:00,31,µg/m³
PM2.5,2024-03-08,23:00 - 0:00,29,µg/m³
PM2.5,2024-03-08,0:00 - 1:00,29,µg/m³
PM2.5,2024-03-08,1:00 - 2:00,24,µg/m³
PM2.5,2024-03-08,2:00 - 3:00,27,µg/m³
PM2.5,2024-03-08,3:00 - 4:00,27,µg/m³
PM2.5,2024-03-08,4:00 - 5:00,24,µg/m³
PM2.5,2024-03-08,5:00 - 6:00,22,µg/m³
PM2.5,2024-03-08,6:00 - 7:00,22,µg/m³
PM2.5,2024-03-08,7:00 - 8:00,23,µg/m³
PM2.5,2024-03-08,8:00 - 9:00,30,µg/m³
PM2.5,2024-03-08,9:00 - 10:00,21,µg/m³
PM2.5,2024-03-08,10:00 - 11:00,18,µg/m³
PM2.5,2024-03-08,11:00 - 12:00,15,µg/m³
PM2.5,2024-03-08,12:00 - 13:00,12,µg/m³
PM2.5,2024-03-08,13:00 - 14:00,11,µg/m³
PM2.5,2024-03-08,14:00 - 15:00,11,µg/m³
PM2.5,2024-03-08,16:00 - 17:00,13,µg/m³
PM2.5,2024-03-08,17:00 - 18:00,13,µg/m³
PM2.5,2024-03-08,18:00 - 19:00,12,µg/m³
PM2.5,2024-03-08,19:00 - 20:00,10,µg/m³
PM2.5,2024-03-08,20:00 - 21:00,8,µg/m³
PM2.5,2024-03-08,21:00 - 22:00,8,µg/m³
PM2.5,2024-03-09,23:00 - 0:00,15,µg/m³
PM2.5,2024-03-09,0:00 - 1:00,14,µg/m³
PM2.5,2024-03-09,1:00 - 2:00,16,µg/m³
PM2.5,2024-03-09,2:00 - 3:00,11,µg/m³
PM2.5,2024-03-09,3:00 - 4:00,6,µg/m³
PM2.5,2024-03-09,4:00 - 5:00,6,µg/m³
PM2.5,2024-03-09,5:00 - 6:00,8,µg/m³
PM2.5,2024-03-09,6:00 - 7:00,8,µg/m³
PM2.5,2024-03-09,7:00 - 8:00,7,µg/m³
PM2.5,2024-03-09,8:00 - 9:00,8,µg/m³
PM2.5,2024-03-09,9:00 - 10:00,8,µg/m³
PM2.5,2024-03-09,10:00 - 11:00,9,µg/m³
PM2.5,2024-03-09,11:00 - 12:00,8,µg/m³
PM2.5,2024-03-09,12:00 - 13:00,7,µg/m³
PM2.5,2024-03-09,13:00 - 14:00,8,µg/m³
PM2.5,2024-03-09,14:00 - 15:00,13,µg/m³
PM2.5,2024-03-09,15:00 - 16:00,12,µg/m³
PM2.5,2024-03-09,16:00 - 17:00,9,µg/m³
PM2.5,2024-03-09,17:00 - 18:00,8,µg/m³
PM2.5,2024-03-09,18:00 - 19:00,7,µg/m³
PM2.5,2024-03-09,19:00 - 20:00,7,µg/m³
PM2.5,2024-03-09,21:00 - 22:00,4,µg/m³
PM2.5,2024-03-09,22:00 - 23:00,4,µg/m³
PM2.5,2024-03-10,23:00 - 0:00,4,µg/m³
PM2.5,2024-03-10,0:00 - 1:00,4,µg/m³
PM2.5,2024-03-10,1:00 - 2:00,3,µg/m³
PM2.5,2024-03-10,2:00 - 3:00,4,µg/m³
PM2.5,2024-03-10,3:00 - 4:00,3,µg/m³
PM2.5,2024-03-10,4:00 - 5:00,3,µg/m³
PM2.5,2024-03-10,5:00 - 6:00,4,µg/m³
PM2.5,2024-03-10,6:00 - 7:00,3,µg/m³
PM2.5,2024-03-10,7:00 - 8:00,4,µg/m³
PM2.5,2024-03-10,8:00 - 9:00,4,µg/m³
PM2.5,2024-03-10,9:00 - 10:00,5,µg/m³
PM2.5,2024-03-10,10:00 - 11:00,5,µg/m³
PM2.5,2024-03-10,11:00 - 12:00,14,µg/m³
PM2.5,2024-03-10,12:00 - 13:00,10,µg/m³
PM2.5,2024-03-10,13:00 - 14:00,10,µg/m³
PM2.5,2024-03-10,14:00 - 15:00,17,µg/m³
PM2.5,2024-03-10,15:00 - 16:00,17,µg/m³
PM2.5,2024-03-10,17:00 - 18:00,9,µg/m³
PM2.5,2024-03-10,18:00 - 19:00,6,µg/m³
PM2.5,2024-03-10,19:00 - 20:00,6,µg/m³
PM2.5,2024-03-10,21:00 - 22:00,5,µg/m³
PM2.5,2024-03-10,22:00 - 23:00,5,µg/m³
PM2.5,2024-03-11,23:00 - 0:00,6,µg/m³
PM2.5,2024-03-11,0:00 - 1:00,5,µg/m³
PM2.5,2024-03-11,1:00 - 2:00,4,µg/m³
PM2.5,2024-03-11,2:00 - 3:00,5,µg/m³
PM2.5,2024-03-11,3:00 - 4:00,6,µg/m³
PM2.5,2024-03-11,4:00 - 5:00,10,µg/m³
PM2.5,2024-03-11,5:00 - 6:00,8,µg/m³
PM2.5,2024-03-11,6:00 - 7:00,9,µg/m³
PM2.5,2024-03-11,7:00 - 8:00,12,µg/m³
PM2.5,2024-03-11,8:00 - 9:00,14,µg/m³
PM2.5,2024-03-11,9:00 - 10:00,20,µg/m³
PM2.5,2024-03-11,10:00 - 11:00,15,µg/m³
PM2.5,2024-03-11,11:00 - 12:00,16,µg/m³
PM2.5,2024-03-11,12:00 - 13:00,17,µg/m³
PM2.5,2024-03-11,13:00 - 14:00,14,µg/m³
PM2.5,2024-03-11,14:00 - 15:00,17,µg/m³
PM2.5,2024-03-11,15:00 - 16:00,13,µg/m³
PM2.5,2024-03-11,16:00 - 17:00,12,µg/m³
PM2.5,2024-03-11,17:00 - 18:00,11,µg/m³
PM2.5,2024-03-11,18:00 - 19:00,12,µg/m³
PM2.5,2024-03-11,19:00 - 20:00,9,µg/m³
PM2.5,2024-03-11,20:00 - 21:00,7,µg/m³
PM2.5,2024-03-11,21:00 - 22:00,7,µg/m³
PM2.5,2024-03-12,23:00 - 0:00,6,µg/m³
PM2.5,2024-03-12,0:00 - 1:00,6,µg/m³
PM2.5,2024-03-12,2:00 - 3:00,7,µg/m³
PM2.5,2024-03-12,3:00 - 4:00,7,µg/m³
PM2.5,2024-03-12,5:00 - 6:00,8,µg/m³
PM2.5,2024-03-12,6:00 - 7:00,9,µg/m³
PM2.5,2024-03-12,7:00 - 8:00,11,µg/m³
PM2.5,2024-03-12,8:00 - 9:00,14,µg/m³
PM2.5,2024-03-12,9:00 - 10:00,20,µg/m³
PM2.5,2024-03-12,10:00 - 11:00,27,µg/m³
PM2.5,2024-03-12,11:00 - 12:00,33,µg/m³
PM2.5,2024-03-12,12:00 - 13:00,35,µg/m³
PM2.5,2024-03-12,13:00 - 14:00,35,µg/m³
PM2.5,2024-03-12,14:00 - 15:00,31,µg/m³
PM2.5,2024-03-12,15:00 - 16:00,44,µg/m³
PM2.5,2024-03-12,16:00 - 17:00,16,µg/m³
PM2.5,2024-03-12,17:00 - 18:00,15,µg/m³
PM2.5,2024-03-12,18:00 - 19:00,14,µg/m³
PM2.5,2024-03-12,19:00 - 20:00,17,µg/m³
PM2.5,2024-03-12,20:00 - 21:00,15,µg/m³
PM2.5,2024-03-12,22:00 - 23:00,14,µg/m³
PM2.5,2024-03-13,23:00 - 0:00,18,µg/m³
PM2.5,2024-03-13,0:00 - 1:00,15,µg/m³
PM2.5,2024-03-13,1:00 - 2:00,14,µg/m³
PM2.5,2024-03-13,2:00 - 3:00,14,µg/m³
PM2.5,2024-03-13,3:00 - 4:00,15,µg/m³
PM2.5,2024-03-13,4:00 - 5:00,18,µg/m³
PM2.5,2024-03-13,5:00 - 6:00,23,µg/m³
PM2.5,2024-03-13,6:00 - 7:00,28,µg/m³
PM2.5,2024-03-13,7:00 - 8:00,22,µg/m³
PM2.5,2024-03-13,8:00 - 9:00,20,µg/m³
PM2.5,2024-03-13,9:00 - 10:00,19,µg/m³
PM2.5,2024-03-13,10:00 - 11:00,28,µg/m³
PM2.5,2024-03-13,11:00 - 12:00,25,µg/m³
PM2.5,2024-03-13,12:00 - 13:00,15,µg/m³
PM2.5,2024-03-13,13:00 - 14:00,21,µg/m³
PM2.5,2024-03-13,14:00 - 15:00,15,µg/m³
PM2.5,2024-03-13,15:00 - 16:00,9,µg/m³
PM2.5,2024-03-13,16:00 - 17:00,8,µg/m³
PM2.5,2024-03-13,17:00 - 18:00,8,µg/m³
PM2.5,2024-03-21,17:00 - 18:00,10,µg/m³
PM2.5,2024-03-21,18:00 - 19:00,8,µg/m³
PM2.5,2024-03-21,19:00 - 20:00,10,µg/m³
PM2.5,2024-03-21,20:00 - 21:00,10,µg/m³
PM2.5,2024-03-21,21:00 - 22:00,15,µg/m³
PM2.5,2024-03-21,22:00 - 23:00,14,µg/m³
PM2.5,2024-03-22,23:00 - 0:00,14,µg/m³
PM2.5,2024-03-22,0:00 - 1:00,12,µg/m³
PM2.5,2024-03-22,1:00 - 2:00,11,µg/m³
PM2.5,2024-03-22,2:00 - 3:00,12,µg/m³
PM2.5,2024-03-22,3:00 - 4:00,12,µg/m³
PM2.5,2024-03-22,4:00 - 5:00,13,µg/m³
PM2.5,2024-03-22,5:00 - 6:00,16,µg/m³
PM2.5,2024-03-22,6:00 - 7:00,27,µg/m³
PM2.5,2024-03-22,7:00 - 8:00,33,µg/m³
PM2.5,2024-03-22,8:00 - 9:00,21,µg/m³
PM2.5,2024-03-22,9:00 - 10:00,20,µg/m³
PM2.5,2024-03-22,10:00 - 11:00,23,µg/m³
PM2.5,2024-03-22,11:00 - 12:00,12,µg/m³
PM2.5,2024-03-22,12:00 - 13:00,9,µg/m³
PM2.5,2024-03-22,13:00 - 14:00,6,µg/m³
PM2.5,2024-03-22,14:00 - 15:00,5,µg/m³
PM2.5,2024-03-22,15:00 - 16:00,6,µg/m³
PM2.5,2024-03-22,16:00 - 17:00,5,µg/m³
PM2.5,2024-03-22,17:00 - 18:00,5,µg/m³
PM2.5,2024-03-22,18:00 - 19:00,6,µg/m³
PM2.5,2024-03-22,19:00 - 20:00,11,µg/m³
PM2.5,2024-03-22,20:00 - 21:00,6,µg/m³
PM2.5,2024-03-22,21:00 - 22:00,4,µg/m³
PM2.5,2024-03-22,22:00 - 23:00,3,µg/m³
PM2.5,2024-03-23,23:00 - 0:00,8,µg/m³
PM2.5,2024-03-23,0:00 - 1:00,9,µg/m³
PM2.5,2024-03-23,1:00 - 2:00,9,µg/m³
PM2.5,2024-03-23,2:00 - 3:00,5,µg/m³
PM2.5,2024-03-23,3:00 - 4:00,5,µg/m³
PM2.5,2024-03-23,4:00 - 5:00,6,µg/m³
PM2.5,2024-03-23,5:00 - 6:00,6,µg/m³
PM2.5,2024-03-23,6:00 - 7:00,6,µg/m³
PM2.5,2024-03-23,7:00 - 8:00,7,µg/m³
PM2.5,2024-03-23,8:00 - 9:00,7,µg/m³
PM2.5,2024-03-23,9:00 - 10:00,8,µg/m³
PM2.5,2024-03-23,10:00 - 11:00,9,µg/m³
PM2.5,2024-03-23,11:00 - 12:00,12,µg/m³
PM2.5,2024-03-23,12:00 - 13:00,10,µg/m³
PM2.5,2024-03-23,13:00 - 14:00,12,µg/m³
PM2.5,2024-03-23,14:00 - 15:00,10,µg/m³
PM2.5,2024-03-23,15:00 - 16:00,8,µg/m³
PM2.5,2024-03-23,16:00 - 17:00,6,µg/m³
PM2.5,2024-03-23,17:00 - 18:00,6,µg/m³
PM2.5,2024-03-23,18:00 - 19:00,6,µg/m³
PM2.5,2024-03-23,19:00 - 20:00,9,µg/m³
PM2.5,2024-03-23,20:00 - 21:00,9,µg/m³
PM2.5,2024-03-23,21:00 - 22:00,9,µg/m³
PM2.5,2024-03-23,22:00 - 23:00,9,µg/m³
PM2.5,2024-03-24,23:00 - 0:00,9,µg/m³
PM2.5,2024-03-24,0:00 - 1:00,9,µg/m³
PM2.5,2024-03-24,1:00 - 2:00,9,µg/m³
PM2.5,2024-03-24,2:00 - 3:00,8,µg/m³
PM2.5,2024-03-24,3:00 - 4:00,9,µg/m³
PM2.5,2024-03-24,4:00 - 5:00,15,µg/m³
PM2.5,2024-03-24,5:00 - 6:00,18,µg/m³
PM2.5,2024-03-24,6:00 - 7:00,20,µg/m³
PM2.5,2024-03-24,7:00 - 8:00,18,µg/m³
PM2.5,2024-03-24,8:00 - 9:00,19,µg/m³
PM2.5,2024-03-24,9:00 - 10:00,15,µg/m³
PM2.5,2024-03-24,10:00 - 11:00,15,µg/m³
PM2.5,2024-03-24,11:00 - 12:00,19,µg/m³
PM2.5,2024-03-24,12:00 - 13:00,27,µg/m³
PM2.5,2024-03-24,13:00 - 14:00,22,µg/m³
PM2.5,2024-03-24,14:00 - 15:00,29,µg/m³
PM2.5,2024-03-24,15:00 - 16:00,24,µg/m³
PM2.5,2024-03-24,16:00 - 17:00,16,µg/m³
PM2.5,2024-03-24,17:00 - 18:00,16,µg/m³
PM2.5,2024-03-24,18:00 - 19:00,14,µg/m³
PM2.5,2024-03-24,19:00 - 20:00,13,µg/m³
PM2.5,2024-03-24,20:00 - 21:00,16,µg/m³
PM2.5,2024-03-24,21:00 - 22:00,28,µg/m³
PM2.5,2024-03-24,22:00 - 23:00,17,µg/m³
PM2.5,2024-03-25,23:00 - 0:00,13,µg/m³
PM2.5,2024-03-25,0:00 - 1:00,10,µg/m³
PM2.5,2024-03-25,1:00 - 2:00,10,µg/m³
PM2.5,2024-03-25,2:00 - 3:00,11,µg/m³
PM2.5,2024-03-25,3:00 - 4:00,12,µg/m³
PM2.5,2024-03-25,4:00 - 5:00,13,µg/m³
PM2.5,2024-03-25,5:00 - 6:00,16,µg/m³
PM2.5,2024-03-25,6:00 - 7:00,22,µg/m³
PM2.5,2024-03-25,7:00 - 8:00,21,µg/m³
PM2.5,2024-03-25,8:00 - 9:00,15,µg/m³
PM2.5,2024-03-25,9:00 - 10:00,15,µg/m³
PM2.5,2024-03-25,10:00 - 11:00,8,µg/m³
PM2.5,2024-03-25,11:00 - 12:00,15,µg/m³
PM2.5,2024-03-25,12:00 - 13:00,15,µg/m³
PM2.5,2024-03-25,13:00 - 14:00,12,µg/m³
PM2.5,2024-03-25,14:00 - 15:00,13,µg/m³
PM2.5,2024-03-25,15:00 - 16:00,15,µg/m³
PM2.5,2024-03-25,16:00 - 17:00,12,µg/m³
PM2.5,2024-03-25,17:00 - 18:00,12,µg/m³
PM2.5,2024-03-25,18:00 - 19:00,14,µg/m³
PM2.5,2024-03-25,19:00 - 20:00,14,µg/m³
PM2.5,2024-03-25,20:00 - 21:00,13,µg/m³
PM2.5,2024-03-25,21:00 - 22:00,15,µg/m³
PM2.5,2024-03-25,22:00 - 23:00,13,µg/m³
PM2.5,2024-03-26,23:00 - 0:00,14,µg/m³
PM2.5,2024-03-26,0:00 - 1:00,7,µg/m³
PM2.5,2024-03-26,1:00 - 2:00,7,µg/m³
PM2.5,2024-03-26,2:00 - 3:00,7,µg/m³
PM2.5,2024-03-26,3:00 - 4:00,11,µg/m³
PM2.5,2024-03-26,4:00 - 5:00,7,µg/m³
PM2.5,2024-03-26,5:00 - 6:00,6,µg/m³
PM2.5,2024-03-26,6:00 - 7:00,7,µg/m³
PM2.5,2024-03-26,7:00 - 8:00,6,µg/m³
PM2.5,2024-03-26,8:00 - 9:00,7,µg/m³
PM2.5,2024-03-26,9:00 - 10:00,5,µg/m³
PM2.5,2024-03-26,10:00 - 11:00,4,µg/m³
PM2.5,2024-03-26,11:00 - 12:00,7,µg/m³
PM2.5,2024-04-03,12:00 - 13:00,9,µg/m³
PM2.5,2024-04-03,13:00 - 14:00,10,µg/m³
PM2.5,2024-04-03,14:00 - 15:00,9,µg/m³
PM2.5,2024-04-03,15:00 - 16:00,8,µg/m³
PM2.5,2024-04-03,16:00 - 17:00,7,µg/m³
PM2.5,2024-04-03,17:00 - 18:00,6,µg/m³
PM2.5,2024-04-03,18:00 - 19:00,6,µg/m³
PM2.5,2024-04-03,19:00 - 20:00,5,µg/m³
PM2.5,2024-04-03,20:00 - 21:00,5,µg/m³
PM2.5,2024-04-03,21:00 - 22:00,4,µg/m³
PM2.5,2024-04-03,22:00 - 23:00,4,µg/m³
PM2.5,2024-04-04,23:00 - 0:00,4,µg/m³
PM2.5,2024-04-04,0:00 - 1:00,5,µg/m³
PM2.5,2024-04-04,1:00 - 2:00,5,µg/m³
PM2.5,2024-04-04,2:00 - 3:00,6,µg/m³
PM2.5,2024-04-04,3:00 - 4:00,9,µg/m³
PM2.5,2024-04-04,4:00 - 5:00,8,µg/m³
PM2.5,2024-04-04,5:00 - 6:00,11,µg/m³
PM2.5,2024-04-04,6:00 - 7:00,14,µg/m³
PM2.5,2024-04-04,7:00 - 8:00,12,µg/m³
PM2.5,2024-04-04,8:00 - 9:00,18,µg/m³
PM2.5,2024-04-04,9:00 - 10:00,22,µg/m³
PM2.5,2024-04-04,10:00 - 11:00,13,µg/m³
PM2.5,2024-04-04,11:00 - 12:00,12,µg/m³
PM2.5,2024-04-04,12:00 - 13:00,9,µg/m³
PM2.5,2024-04-04,13:00 - 14:00,8,µg/m³
PM2.5,2024-04-04,14:00 - 15:00,8,µg/m³
PM2.5,2024-04-04,16:00 - 17:00,6,µg/m³
PM2.5,2024-04-04,17:00 - 18:00,7,µg/m³
PM2.5,2024-04-04,18:00 - 19:00,6,µg/m³
PM2.5,2024-04-04,19:00 - 20:00,7,µg/m³
PM2.5,2024-04-04,20:00 - 21:00,7,µg/m³
PM2.5,2024-04-04,21:00 - 22:00,5,µg/m³
PM2.5,2024-04-04,22:00 - 23:00,4,µg/m³
PM2.5,2024-04-05,23:00 - 0:00,4,µg/m³
PM2.5,2024-04-05,0:00 - 1:00,6,µg/m³
PM2.5,2024-04-05,1:00 - 2:00,8,µg/m³
PM2.5,2024-04-05,2:00 - 3:00,8,µg/m³
PM2.5,2024-04-05,3:00 - 4:00,6,µg/m³
PM2.5,2024-04-05,4:00 - 5:00,8,µg/m³
PM2.5,2024-04-05,5:00 - 6:00,8,µg/m³
PM2.5,2024-04-05,6:00 - 7:00,12,µg/m³
PM2.5,2024-04-05,7:00 - 8:00,11,µg/m³
PM2.5,2024-04-05,8:00 - 9:00,14,µg/m³
PM2.5,2024-04-05,9:00 - 10:00,17,µg/m³
PM2.5,2024-04-05,10:00 - 11:00,13,µg/m³
PM2.5,2024-04-05,11:00 - 12:00,12,µg/m³
PM2.5,2024-04-05,12:00 - 13:00,12,µg/m³
PM2.5,2024-05-01,0:00 - 1:00,24,µg/m³
PM2.5,2024-05-01,1:00 - 2:00,23,µg/m³
PM2.5,2024-05-01,2:00 - 3:00,19,µg/m³
PM2.5,2024-05-01,3:00 - 4:00,18,µg/m³
PM2.5,2024-05-01,4:00 - 5:00,16,µg/m³
PM2.5,2024-05-01,5:00 - 6:00,17,µg/m³
PM2.5,2024-05-01,6:00 - 7:00,15,µg/m³
PM2.5,2024-05-01,7:00 - 8:00,12,µg/m³
PM2.5,2024-05-01,8:00 - 9:00,14,µg/m³
PM2.5,2024-05-01,9:00 - 10:00,16,µg/m³
PM2.5,2024-05-01,10:00 - 11:00,20,µg/m³
PM2.5,2024-05-01,11:00 - 12:00,23,µg/m³
PM2.5,2024-05-01,12:00 - 13:00,29,µg/m³
PM2.5,2024-05-01,13:00 - 14:00,25,µg/m³
PM2.5,2024-05-01,14:00 - 15:00,24,µg/m³
PM2.5,2024-05-01,15:00 - 16:00,30,µg/m³
PM2.5,2024-05-01,16:00 - 17:00,29,µg/m³
PM2.5,2024-05-01,17:00 - 18:00,28,µg/m³
PM2.5,2024-05-01,18:00 - 19:00,29,µg/m³
PM2.5,2024-05-01,19:00 - 20:00,29,µg/m³
PM2.5,2024-05-01,20:00 - 21:00,27,µg/m³
PM2.5,2024-05-01,21:00 - 22:00,26,µg/m³
PM2.5,2024-05-01,22:00 - 23:00,22,µg/m³
PM2.5,2024-05-02,0:00 - 1:00,22,µg/m³
PM2.5,2024-05-02,1:00 - 2:00,22,µg/m³
PM2.5,2024-05-02,2:00 - 3:00,23,µg/m³
PM2.5,2024-05-02,3:00 - 4:00,25,µg/m³
PM2.5,2024-05-02,4:00 - 5:00,26,µg/m³
PM2.5,2024-05-02,5:00 - 6:00,27,µg/m³
PM2.5,2024-05-02,6:00 - 7:00,30,µg/m³
PM2.5,2024-05-02,7:00 - 8:00,30,µg/m³
PM2.5,2024-05-02,8:00 - 9:00,32,µg/m³
PM2.5,2024-05-02,9:00 - 10:00,34,µg/m³
PM2.5,2024-05-02,10:00 - 11:00,35,µg/m³
PM2.5,2024-05-02,11:00 - 12:00,37,µg/m³
PM2.5,2024-05-02,12:00 - 13:00,43,µg/m³
PM2.5,2024-05-02,13:00 - 14:00,42,µg/m³
PM2.5,2024-05-02,14:00 - 15:00,34,µg/m³
PM2.5,2024-05-02,15:00 - 16:00,9,µg/m³
PM2.5,2024-05-02,16:00 - 17:00,16,µg/m³
PM2.5,2024-05-02,17:00 - 18:00,22,µg/m³
PM2.5,2024-05-02,18:00 - 19:00,26,µg/m³
PM2.5,2024-05-02,19:00 - 20:00,27,µg/m³
PM2.5,2024-05-02,20:00 - 21:00,28,µg/m³
PM2.5,2024-05-02,21:00 - 22:00,30,µg/m³
PM2.5,2024-05-02,22:00 - 23:00,32,µg/m³
PM2.5,2024-05-03,23:00 - 0:00,31,µg/m³
PM2.5,2024-05-03,0:00 - 1:00,26,µg/m³
PM2.5,2024-05-03,1:00 - 2:00,24,µg/m³
PM2.5,2024-05-03,2:00 - 3:00,23,µg/m³
PM2.5,2024-05-03,3:00 - 4:00,22,µg/m³
PM2.5,2024-05-03,4:00 - 5:00,23,µg/m³
PM2.5,2024-05-03,5:00 - 6:00,25,µg/m³
PM2.5,2024-05-03,6:00 - 7:00,26,µg/m³
PM2.5,2024-05-03,7:00 - 8:00,27,µg/m³
PM2.5,2024-05-03,8:00 - 9:00,29,µg/m³
PM2.5,2024-05-03,9:00 - 10:00,30,µg/m³
PM2.5,2024-05-03,10:00 - 11:00,32,µg/m³
PM2.5,2024-05-03,11:00 - 12:00,35,µg/m³
PM2.5,2024-05-03,12:00 - 13:00,41,µg/m³
PM2.5,2024-05-03,13:00 - 14:00,43,µg/m³
PM2.5,2024-05-03,14:00 - 15:00,33,µg/m³
PM2.5,2024-05-03,15:00 - 16:00,28,µg/m³
PM2.5,2024-05-03,16:00 - 17:00,28,µg/m³
PM2.5,2024-05-03,17:00 - 18:00,28,µg/m³
PM2.5,2024-05-03,18:00 - 19:00,27,µg/m³
PM2.5,2024-05-03,19:00 - 20:00,28,µg/m³
PM2.5,2024-05-03,20:00 - 21:00,28,µg/m³
PM2.5,2024-05-03,21:00 - 22:00,25,µg/m³
PM2.5,2024-05-03,22:00 - 23:00,19,µg/m³
PM2.5,2024-05-04,0:00 - 1:00,15,µg/m³
PM2.5,2024-05-04,1:00 - 2:00,13,µg/m³
PM2.5,2024-05-04,2:00 - 3:00,13,µg/m³
PM2.5,2024-05-04,3:00 - 4:00,13,µg/m³
PM2.5,2024-05-04,4:00 - 5:00,15,µg/m³
PM2.5,2024-05-04,5:00 - 6:00,15,µg/m³
PM2.5,2024-05-04,6:00 - 7:00,16,µg/m³
PM2.5,2024-05-04,7:00 - 8:00,16,µg/m³
PM2.5,2024-05-04,8:00 - 9:00,16,µg/m³
PM2.5,2024-05-04,9:00 - 10:00,18,µg/m³
PM2.5,2024-05-04,10:00 - 11:00,18,µg/m³
PM2.5,2024-05-04,11:00 - 12:00,16,µg/m³
PM2.5,2024-05-04,12:00 - 13:00,21,µg/m³
PM2.5,2024-05-04,13:00 - 14:00,23,µg/m³
PM2.5,2024-05-04,14:00 - 15:00,24,µg/m³
PM2.5,2024-05-04,15:00 - 16:00,29,µg/m³
PM2.5,2024-05-04,16:00 - 17:00,32,µg/m³
PM2.5,2024-05-04,17:00 - 18:00,29,µg/m³
PM2.5,2024-05-04,18:00 - 19:00,30,µg/m³
PM2.5,2024-05-04,19:00 - 20:00,29,µg/m³
PM2.5,2024-05-04,20:00 - 21:00,30,µg/m³
PM2.5,2024-05-04,21:00 - 22:00,28,µg/m³
PM2.5,2024-05-04,22:00 - 23:00,22,µg/m³
PM2.5,2024-05-05,23:00 - 0:00,19,µg/m³
PM2.5,2024-05-05,0:00 - 1:00,18,µg/m³
PM2.5,2024-05-05,1:00 - 2:00,17,µg/m³
PM2.5,2024-05-05,2:00 - 3:00,17,µg/m³
PM2.5,2024-05-05,3:00 - 4:00,20,µg/m³
PM2.5,2024-05-05,4:00 - 5:00,21,µg/m³
PM2.5,2024-05-05,5:00 - 6:00,19,µg/m³
PM2.5,2024-05-05,6:00 - 7:00,18,µg/m³
PM2.5,2024-05-05,7:00 - 8:00,27,µg/m³
PM2.5,2024-05-05,8:00 - 9:00,29,µg/m³
PM2.5,2024-05-05,9:00 - 10:00,28,µg/m³
PM2.5,2024-05-05,10:00 - 11:00,26,µg/m³
PM2.5,2024-05-05,11:00 - 12:00,24,µg/m³
PM2.5,2024-05-05,12:00 - 13:00,27,µg/m³
PM2.5,2024-05-05,13:00 - 14:00,31,µg/m³
PM2.5,2024-05-05,14:00 - 15:00,34,µg/m³
PM2.5,2024-05-05,15:00 - 16:00,42,µg/m³
PM2.5,2024-05-05,16:00 - 17:00,33,µg/m³
PM2.5,2024-05-05,17:00 - 18:00,31,µg/m³
PM2.5,2024-05-05,18:00 - 19:00,32,µg/m³
PM2.5,2024-05-05,19:00 - 20:00,27,µg/m³
PM2.5,2024-05-05,20:00 - 21:00,22,µg/m³
PM2.5,2024-05-05,21:00 - 22:00,22,µg/m³
PM2.5,2024-05-05,22:00 - 23:00,18,µg/m³
PM2.5,2024-05-06,23:00 - 0:00,16,µg/m³
PM2.5,2024-05-06,0:00 - 1:00,16,µg/m³
PM2.5,2024-05-06,1:00 - 2:00,16,µg/m³
PM2.5,2024-05-06,2:00 - 3:00,16,µg/m³
PM2.5,2024-05-06,3:00 - 4:00,17,µg/m³
PM2.5,2024-05-06,4:00 - 5:00,17,µg/m³
PM2.5,2024-05-06,5:00 - 6:00,19,µg/m³
PM2.5,2024-05-06,6:00 - 7:00,20,µg/m³
PM2.5,2024-05-06,7:00 - 8:00,22,µg/m³
PM2.5,2024-05-06,8:00 - 9:00,27,µg/m³
PM2.5,2024-05-06,9:00 - 10:00,30,µg/m³
PM2.5,2024-05-06,10:00 - 11:00,30,µg/m³
PM2.5,2024-05-06,11:00 - 12:00,29,µg/m³
PM2.5,2024-05-06,12:00 - 13:00,31,µg/m³
PM2.5,2024-05-06,13:00 - 14:00,34,µg/m³
PM2.5,2024-05-06,14:00 - 15:00,34,µg/m³
PM2.5,2024-05-06,15:00 - 16:00,34,µg/m³
PM2.5,2024-05-06,16:00 - 17:00,26,µg/m³
PM2.5,2024-05-06,17:00 - 18:00,21,µg/m³
PM2.5,2024-05-06,18:00 - 19:00,20,µg/m³
PM2.5,2024-05-06,19:00 - 20:00,20,µg/m³
PM2.5,2024-05-06,20:00 - 21:00,20,µg/m³
PM2.5,2024-05-06,21:00 - 22:00,19,µg/m³
PM2.5,2024-05-06,22:00 - 23:00,23,µg/m³
PM2.5,2024-05-07,0:00 - 1:00,23,µg/m³
PM2.5,2024-05-07,1:00 - 2:00,22,µg/m³
PM2.5,2024-05-07,2:00 - 3:00,21,µg/m³
PM2.5,2024-05-07,3:00 - 4:00,22,µg/m³
PM2.5,2024-05-07,4:00 - 5:00,23,µg/m³
PM2.5,2024-05-07,5:00 - 6:00,23,µg/m³
PM2.5,2024-05-07,6:00 - 7:00,25,µg/m³
PM2.5,2024-05-07,7:00 - 8:00,26,µg/m³
PM2.5,2024-05-07,8:00 - 9:00,28,µg/m³
PM2.5,2024-05-07,9:00 - 10:00,32,µg/m³
PM2.5,2024-05-07,10:00 - 11:00,40,µg/m³
PM2.5,2024-05-07,11:00 - 12:00,33,µg/m³
PM2.5,2024-05-07,12:00 - 13:00,31,µg/m³
PM2.5,2024-05-07,13:00 - 14:00,30,µg/m³
PM2.5,2024-05-07,14:00 - 15:00,28,µg/m³
PM2.5,2024-05-07,15:00 - 16:00,37,µg/m³
PM2.5,2024-05-07,16:00 - 17:00,30,µg/m³
PM2.5,2024-05-07,17:00 - 18:00,26,µg/m³
PM2.5,2024-05-07,18:00 - 19:00,25,µg/m³
PM2.5,2024-05-13,18:00 - 19:00,15,µg/m³
PM2.5,2024-05-13,19:00 - 20:00,23,µg/m³
PM2.5,2024-05-13,20:00 - 21:00,20,µg/m³
PM2.5,2024-05-13,21:00 - 22:00,19,µg/m³
PM2.5,2024-05-13,22:00 - 23:00,18,µg/m³
PM2.5,2024-05-14,23:00 - 0:00,18,µg/m³
PM2.5,2024-05-14,1:00 - 2:00,20,µg/m³
PM2.5,2024-05-14,2:00 - 3:00,21,µg/m³
PM2.5,2024-05-14,3:00 - 4:00,19,µg/m³
PM2.5,2024-05-14,4:00 - 5:00,19,µg/m³
PM2.5,2024-05-14,5:00 - 6:00,23,µg/m³
PM2.5,2024-05-14,6:00 - 7:00,26,µg/m³
PM2.5,2024-05-14,7:00 - 8:00,26,µg/m³
PM2.5,2024-05-14,8:00 - 9:00,25,µg/m³
PM2.5,2024-06-05,1:00 - 2:00,17,µg/m³
PM2.5,2024-06-05,2:00 - 3:00,15,µg/m³
PM2.5,2024-06-05,3:00 - 4:00,14,µg/m³
PM2.5,2024-06-05,4:00 - 5:00,14,µg/m³
PM2.5,2024-06-05,5:00 - 6:00,13,µg/m³
PM2.5,2024-06-05,6:00 - 7:00,20,µg/m³
PM2.5,2024-06-05,7:00 - 8:00,21,µg/m³
PM2.5,2024-06-05,8:00 - 9:00,21,µg/m³
PM2.5,2024-06-05,9:00 - 10:00,29,µg/m³
PM2.5,2024-06-05,17:00 - 18:00,27,µg/m³
PM2.5,2024-06-05,18:00 - 19:00,29,µg/m³
PM2.5,2024-06-05,19:00 - 20:00,27,µg/m³
PM2.5,2024-06-05,20:00 - 21:00,21,µg/m³
PM2.5,2024-06-05,21:00 - 22:00,30,µg/m³
PM2.5,2024-06-05,22:00 - 23:00,34,µg/m³
PM2.5,2024-06-06,23:00 - 0:00,42,µg/m³
PM2.5,2024-06-06,0:00 - 1:00,35,µg/m³
PM2.5,2024-06-06,1:00 - 2:00,32,µg/m³
PM2.5,2024-06-06,2:00 - 3:00,29,µg/m³
PM2.5,2024-06-06,3:00 - 4:00,30,µg/m³
PM2.5,2024-06-06,4:00 - 5:00,33,µg/m³
PM2.5,2024-06-06,5:00 - 6:00,34,µg/m³
PM2.5,2024-06-06,6:00 - 7:00,34,µg/m³
PM2.5,2024-06-07,0:00 - 1:00,16,µg/m³
PM2.5,2024-06-07,1:00 - 2:00,17,µg/m³
PM2.5,2024-06-07,2:00 - 3:00,16,µg/m³
PM2.5,2024-06-07,3:00 - 4:00,15,µg/m³
PM2.5,2024-06-07,4:00 - 5:00,14,µg/m³
PM2.5,2024-06-07,5:00 - 6:00,15,µg/m³
PM2.5,2024-06-07,6:00 - 7:00,16,µg/m³
PM2.5,2024-06-07,7:00 - 8:00,20,µg/m³
PM2.5,2024-06-07,8:00 - 9:00,18,µg/m³
PM2.5,2024-06-07,9:00 - 10:00,21,µg/m³
PM2.5,2024-06-07,10:00 - 11:00,19,µg/m³
PM2.5,2024-06-07,11:00 - 12:00,22,µg/m³
PM2.5,2024-06-08,5:00 - 6:00,22,µg/m³
PM2.5,2024-06-08,6:00 - 7:00,20,µg/m³
PM2.5,2024-06-08,7:00 - 8:00,22,µg/m³
PM2.5,2024-06-08,8:00 - 9:00,23,µg/m³
PM2.5,2024-06-08,10:00 - 11:00,26,µg/m³
PM2.5,2024-06-08,11:00 - 12:00,29,µg/m³
PM2.5,2024-06-09,0:00 - 1:00,19,µg/m³
PM2.5,2024-06-09,1:00 - 2:00,19,µg/m³
PM2.5,2024-06-09,2:00 - 3:00,19,µg/m³
PM2.5,2024-06-09,3:00 - 4:00,17,µg/m³
PM2.5,2024-06-09,4:00 - 5:00,15,µg/m³
PM2.5,2024-06-09,5:00 - 6:00,15,µg/m³
PM2.5,2024-06-09,6:00 - 7:00,13,µg/m³
PM2.5,2024-06-09,7:00 - 8:00,14,µg/m³
PM2.5,2024-06-09,8:00 - 9:00,14,µg/m³
PM2.5,2024-06-09,9:00 - 10:00,15,µg/m³
PM2.5,2024-06-09,10:00 - 11:00,17,µg/m³
PM2.5,2024-06-09,11:00 - 12:00,20,µg/m³
PM2.5,2024-06-09,12:00 - 13:00,27,µg/m³
PM2.5,2024-06-09,13:00 - 14:00,24,µg/m³
PM2.5,2024-06-09,14:00 - 15:00,28,µg/m³
PM2.5,2024-06-09,15:00 - 16:00,28,µg/m³
PM2.5,2024-06-09,16:00 - 17:00,26,µg/m³
PM2.5,2024-06-09,17:00 - 18:00,26,µg/m³
PM2.5,2024-06-09,18:00 - 19:00,24,µg/m³
PM2.5,2024-06-09,19:00 - 20:00,15,µg/m³
PM2.5,2024-06-09,20:00 - 21:00,15,µg/m³
PM2.5,2024-06-09,21:00 - 22:00,17,µg/m³
PM2.5,2024-06-10,23:00 - 0:00,18,µg/m³
PM2.5,2024-06-10,0:00 - 1:00,14,µg/m³
PM2.5,2024-06-10,1:00 - 2:00,12,µg/m³
PM2.5,2024-06-10,2:00 - 3:00,11,µg/m³
PM2.5,2024-06-10,3:00 - 4:00,14,µg/m³
PM2.5,2024-06-10,4:00 - 5:00,13,µg/m³
PM2.5,2024-06-10,5:00 - 6:00,14,µg/m³
PM2.5,2024-06-10,6:00 - 7:00,16,µg/m³
PM2.5,2024-06-10,7:00 - 8:00,16,µg/m³
PM2.5,2024-06-10,8:00 - 9:00,17,µg/m³
PM2.5,2024-06-10,9:00 - 10:00,22,µg/m³
PM2.5,2024-06-10,10:00 - 11:00,31,µg/m³
PM2.5,2024-06-10,11:00 - 12:00,36,µg/m³
PM2.5,2024-06-10,12:00 - 13:00,36,µg/m³
PM2.5,2024-06-10,13:00 - 14:00,31,µg/m³
PM2.5,2024-06-10,14:00 - 15:00,19,µg/m³
PM2.5,2024-06-10,15:00 - 16:00,18,µg/m³
PM2.5,2024-06-10,16:00 - 17:00,23,µg/m³
PM2.5,2024-06-10,17:00 - 18:00,19,µg/m³
PM2.5,2024-06-10,18:00 - 19:00,20,µg/m³
PM2.5,2024-06-10,19:00 - 20:00,24,µg/m³
PM2.5,2024-06-10,20:00 - 21:00,24,µg/m³
PM2.5,2024-06-10,21:00 - 22:00,22,µg/m³
PM2.5,2024-06-10,22:00 - 23:00,21,µg/m³
PM2.5,2024-06-11,23:00 - 0:00,22,µg/m³
PM2.5,2024-06-11,0:00 - 1:00,23,µg/m³
PM2.5,2024-06-11,1:00 - 2:00,23,µg/m³
PM2.5,2024-06-11,2:00 - 3:00,20,µg/m³
PM2.5,2024-06-11,3:00 - 4:00,19,µg/m³
PM2.5,2024-06-11,4:00 - 5:00,17,µg/m³
PM2.5,2024-06-11,5:00 - 6:00,15,µg/m³
PM2.5,2024-06-11,6:00 - 7:00,17,µg/m³
PM2.5,2024-06-11,7:00 - 8:00,18,µg/m³
PM2.5,2024-06-11,8:00 - 9:00,20,µg/m³
PM2.5,2024-06-11,9:00 - 10:00,25,µg/m³
PM2.5,2024-06-11,10:00 - 11:00,27,µg/m³
PM2.5,2024-06-21,13:00 - 14:00,7,µg/m³
PM2.5,2024-06-21,14:00 - 15:00,7,µg/m³
PM2.5,2024-06-21,15:00 - 16:00,9,µg/m³
PM2.5,2024-06-21,16:00 - 17:00,10,µg/m³
PM2.5,2024-06-21,17:00 - 18:00,6,µg/m³
PM2.5,2024-06-21,18:00 - 19:00,6,µg/m³
PM2.5,2024-06-21,19:00 - 20:00,6,µg/m³
PM2.5,2024-06-21,21:00 - 22:00,8,µg/m³
PM2.5,2024-06-21,22:00 - 23:00,6,µg/m³
PM2.5,2024-06-22,0:00 - 1:00,5,µg/m³
PM2.5,2024-06-22,1:00 - 2:00,5,µg/m³
PM2.5,2024-06-22,2:00 - 3:00,5,µg/m³
PM2.5,2024-06-22,3:00 - 4:00,5,µg/m³
PM2.5,2024-06-22,4:00 - 5:00,8,µg/m³
PM2.5,2024-06-22,5:00 - 6:00,9,µg/m³
PM2.5,2024-06-22,6:00 - 7:00,10,µg/m³
PM2.5,2024-06-22,7:00 - 8:00,13,µg/m³
PM2.5,2024-06-22,8:00 - 9:00,13,µg/m³
PM2.5,2024-06-22,9:00 - 10:00,9,µg/m³
PM2.5,2024-06-22,10:00 - 11:00,8,µg/m³
PM2.5,2024-06-22,11:00 - 12:00,8,µg/m³
PM2.5,2024-06-22,12:00 - 13:00,10,µg/m³
PM2.5,2024-06-22,13:00 - 14:00,12,µg/m³
PM2.5,2024-06-22,15:00 - 16:00,7,µg/m³
PM2.5,2024-06-22,16:00 - 17:00,8,µg/m³
PM2.5,2024-06-22,17:00 - 18:00,7,µg/m³
PM2.5,2024-06-22,18:00 - 19:00,6,µg/m³
PM2.5,2024-06-22,19:00 - 20:00,6,µg/m³
PM2.5,2024-06-22,20:00 - 21:00,9,µg/m³
PM2.5,2024-06-22,21:00 - 22:00,9,µg/m³
PM2.5,2024-06-22,22:00 - 23:00,8,µg/m³
PM2.5,2024-06-23,23:00 - 0:00,8,µg/m³
PM2.5,2024-06-23,0:00 - 1:00,4,µg/m³
PM2.5,2024-06-23,1:00 - 2:00,5,µg/m³
PM2.5,2024-06-23,2:00 - 3:00,5,µg/m³
PM2.5,2024-06-23,3:00 - 4:00,5,µg/m³
PM2.5,2024-06-23,4:00 - 5:00,6,µg/m³
PM2.5,2024-06-23,5:00 - 6:00,7,µg/m³
PM2.5,2024-06-23,6:00 - 7:00,15,µg/m³
PM2.5,2024-06-23,7:00 - 8:00,16,µg/m³
PM2.5,2024-06-23,8:00 - 9:00,13,µg/m³
PM2.5,2024-06-23,9:00 - 10:00,12,µg/m³
PM2.5,2024-06-23,10:00 - 11:00,8,µg/m³
PM2.5,2024-06-23,11:00 - 12:00,5,µg/m³
PM2.5,2024-06-23,12:00 - 13:00,4,µg/m³
PM2.5,2024-06-23,15:00 - 16:00,5,µg/m³
PM2.5,2024-06-23,16:00 - 17:00,5,µg/m³
PM2.5,2024-06-23,17:00 - 18:00,6,µg/m³
PM2.5,2024-06-23,18:00 - 19:00,7,µg/m³
PM2.5,2024-06-23,19:00 - 20:00,10,µg/m³
PM2.5,2024-06-23,20:00 - 21:00,11,µg/m³
PM2.5,2024-06-23,21:00 - 22:00,9,µg/m³
PM2.5,2024-06-23,22:00 - 23:00,10,µg/m³
PM2.5,2024-06-24,23:00 - 0:00,6,µg/m³
PM2.5,2024-06-24,1:00 - 2:00,6,µg/m³
PM2.5,2024-06-24,3:00 - 4:00,5,µg/m³
PM2.5,2024-06-24,5:00 - 6:00,6,µg/m³
PM2.5,2024-06-24,7:00 - 8:00,5,µg/m³
PM2.5,2024-06-24,9:00 - 10:00,6,µg/m³
PM2.5,2024-06-24,10:00 - 11:00,7,µg/m³
PM2.5,2024-06-24,11:00 - 12:00,9,µg/m³
PM2.5,2024-06-24,12:00 - 13:00,14,µg/m³
PM2.5,2024-06-24,13:00 - 14:00,11,µg/m³
PM2.5,2024-06-24,14:00 - 15:00,10,µg/m³
PM2.5,2024-06-24,15:00 - 16:00,10,µg/m³
PM2.5,2024-06-24,16:00 - 17:00,16,µg/m³
PM2.5,2024-06-24,17:00 - 18:00,15,µg/m³
PM2.5,2024-06-24,18:00 - 19:00,5,µg/m³
PM2.5,2024-06-24,19:00 - 20:00,8,µg/m³
PM2.5,2024-06-24,20:00 - 21:00,8,µg/m³
PM2.5,2024-06-24,21:00 - 22:00,7,µg/m³
PM2.5,2024-06-24,22:00 - 23:00,8,µg/m³
PM2.5,2024-06-25,0:00 - 1:00,7,µg/m³
PM2.5,2024-06-25,1:00 - 2:00,6,µg/m³
PM2.5,2024-06-25,2:00 - 3:00,5,µg/m³
PM2.5,2024-06-25,3:00 - 4:00,6,µg/m³
PM2.5,2024-06-25,4:00 - 5:00,7,µg/m³
PM2.5,2024-06-25,5:00 - 6:00,7,µg/m³
PM2.5,2024-06-25,6:00 - 7:00,7,µg/m³
PM2.5,2024-06-25,7:00 - 8:00,11,µg/m³
PM2.5,2024-06-25,8:00 - 9:00,12,µg/m³
PM2.5,2024-06-25,9:00 - 10:00,13,µg/m³
PM2.5,2024-06-25,10:00 - 11:00,12,µg/m³
PM2.5,2024-06-25,11:00 - 12:00,10,µg/m³
PM2.5,2024-06-25,12:00 - 13:00,11,µg/m³
PM2.5,2024-06-25,13:00 - 14:00,10,µg/m³
PM2.5,2024-06-25,14:00 - 15:00,12,µg/m³
PM2.5,2024-06-25,15:00 - 16:00,13,µg/m³
PM2.5,2024-06-25,16:00 - 17:00,12,µg/m³
PM2.5,2024-06-25,17:00 - 18:00,10,µg/m³
PM2.5,2024-06-25,18:00 - 19:00,13,µg/m³
PM2.5,2024-06-25,19:00 - 20:00,9,µg/m³
PM2.5,2024-06-25,20:00 - 21:00,8,µg/m³
PM2.5,2024-06-25,21:00 - 22:00,9,µg/m³
PM2.5,2024-06-25,22:00 - 23:00,9,µg/m³
PM2.5,2024-06-26,23:00 - 0:00,9,µg/m³
PM2.5,2024-06-26,0:00 - 1:00,8,µg/m³
PM2.5,2024-06-26,1:00 - 2:00,7,µg/m³
PM2.5,2024-06-26,2:00 - 3:00,7,µg/m³
PM2.5,2024-06-26,3:00 - 4:00,7,µg/m³
PM2.5,2024-06-26,4:00 - 5:00,7,µg/m³
PM2.5,2024-06-26,5:00 - 6:00,9,µg/m³
PM2.5,2024-06-26,6:00 - 7:00,9,µg/m³
PM2.5,2024-06-26,7:00 - 8:00,9,µg/m³
PM2.5,2024-06-26,8:00 - 9:00,11,µg/m³
PM2.5,2024-06-26,9:00 - 10:00,14,µg/m³
PM2.5,2024-06-26,10:00 - 11:00,19,µg/m³
PM2.5,2024-06-26,11:00 - 12:00,21,µg/m³
PM2.5,2024-06-26,12:00 - 13:00,21,µg/m³
PM2.5,2024-06-26,13:00 - 14:00,22,µg/m³
PM2.5,2024-06-26,14:00 - 15:00,24,µg/m³
PM2.5,2024-06-26,15:00 - 16:00,17,µg/m³
PM2.5,2024-06-26,16:00 - 17:00,13,µg/m³
PM2.5,2024-06-26,17:00 - 18:00,11,µg/m³
PM2.5,2024-06-26,18:00 - 19:00,12,µg/m³
PM2.5,2024-06-26,19:00 - 20:00,10,µg/m³
PM2.5,2024-06-26,20:00 - 21:00,10,µg/m³
PM2.5,2024-06-26,21:00 - 22:00,9,µg/m³
PM2.5,2024-06-26,22:00 - 23:00,7,µg/m³
PM2.5,2024-06-27,23:00 - 0:00,6,µg/m³
PM2.5,2024-06-27,0:00 - 1:00,6,µg/m³
PM2.5,2024-06-27,1:00 - 2:00,6,µg/m³
PM2.5,2024-06-27,2:00 - 3:00,6,µg/m³
PM2.5,2024-06-27,3:00 - 4:00,8,µg/m³
PM2.5,2024-06-27,4:00 - 5:00,8,µg/m³
PM2.5,2024-06-27,5:00 - 6:00,7,µg/m³
PM2.5,2024-06-27,6:00 - 7:00,9,µg/m³
PM2.5,2024-06-27,7:00 - 8:00,11,µg/m³
PM2.5,2024-06-27,8:00 - 9:00,13,µg/m³
PM2.5,2024-06-27,9:00 - 10:00,17,µg/m³
PM2.5,2024-06-27,10:00 - 11:00,20,µg/m³
PM2.5,2024-06-27,11:00 - 12:00,21,µg/m³
PM2.5,2024-06-27,12:00 - 13:00,18,µg/m³
PM2.5,2024-06-27,13:00 - 14:00,19,µg/m³
PM2.5,2024-06-27,14:00 - 15:00,18,µg/m³
PM2.5,2024-06-27,15:00 - 16:00,22,µg/m³
PM2.5,2024-06-27,16:00 - 17:00,12,µg/m³
PM2.5,2024-06-27,17:00 - 18:00,7,µg/m³
PM2.5,2024-06-27,18:00 - 19:00,7,µg/m³
PM2.5,2024-06-27,19:00 - 20:00,6,µg/m³
PM2.5,2024-06-27,20:00 - 21:00,6,µg/m³
PM2.5,2024-06-27,21:00 - 22:00,5,µg/m³
PM2.5,2024-06-27,22:00 - 23:00,5,µg/m³
PM2.5,2024-06-28,23:00 - 0:00,8,µg/m³
PM2.5,2024-06-28,0:00 - 1:00,12,µg/m³
PM2.5,2024-06-28,1:00 - 2:00,12,µg/m³
PM2.5,2024-06-28,2:00 - 3:00,10,µg/m³
PM2.5,2024-06-28,3:00 - 4:00,10,µg/m³
PM2.5,2024-06-28,4:00 - 5:00,11,µg/m³
PM2.5,2024-06-28,5:00 - 6:00,14,µg/m³
PM2.5,2024-06-28,6:00 - 7:00,16,µg/m³
PM2.5,2024-06-28,7:00 - 8:00,13,µg/m³
PM2.5,2024-06-28,8:00 - 9:00,14,µg/m³
PM2.5,2024-06-28,9:00 - 10:00,20,µg/m³
PM2.5,2024-06-28,10:00 - 11:00,20,µg/m³
PM2.5,2024-06-28,11:00 - 12:00,22,µg/m³
PM2.5,2024-06-28,12:00 - 13:00,26,µg/m³
PM2.5,2024-06-28,13:00 - 14:00,26,µg/m³
PM2.5,2024-06-28,14:00 - 15:00,28,µg/m³
PM2.5,2024-06-28,15:00 - 16:00,23,µg/m³
PM2.5,2024-06-28,16:00 - 17:00,19,µg/m³
PM2.5,2024-06-28,17:00 - 18:00,13,µg/m³
PM2.5,2024-06-28,18:00 - 19:00,9,µg/m³
PM2.5,2024-06-28,19:00 - 20:00,10,µg/m³
PM2.5,2024-06-28,20:00 - 21:00,10,µg/m³
PM2.5,2024-06-28,21:00 - 22:00,10,µg/m³
PM2.5,2024-06-28,22:00 - 23:00,10,µg/m³
PM2.5,2024-06-29,23:00 - 0:00,9,µg/m³
PM2.5,2024-06-29,0:00 - 1:00,18,µg/m³
PM2.5,2024-06-29,1:00 - 2:00,15,µg/m³
PM2.5,2024-06-29,2:00 - 3:00,12,µg/m³
PM2.5,2024-06-29,3:00 - 4:00,12,µg/m³
PM2.5,2024-06-29,4:00 - 5:00,12,µg/m³
PM2.5,2024-06-29,5:00 - 6:00,13,µg/m³
PM2.5,2024-06-29,6:00 - 7:00,14,µg/m³
PM2.5,2024-06-29,7:00 - 8:00,16,µg/m³
PM2.5,2024-06-29,8:00 - 9:00,16,µg/m³
PM2.5,2024-06-29,9:00 - 10:00,17,µg/m³
PM2.5,2024-06-29,10:00 - 11:00,18,µg/m³
PM2.5,2024-06-29,11:00 - 12:00,19,µg/m³
PM2.5,2024-06-29,12:00 - 13:00,18,µg/m³
PM2.5,2024-06-29,13:00 - 14:00,20,µg/m³
PM2.5,2024-06-29,14:00 - 15:00,20,µg/m³
PM2.5,2024-06-29,15:00 - 16:00,22,µg/m³
PM2.5,2024-06-29,16:00 - 17:00,22,µg/m³
PM2.5,2024-06-29,17:00 - 18:00,20,µg/m³
PM2.5,2024-06-29,18:00 - 19:00,15,µg/m³
PM2.5,2024-06-29,19:00 - 20:00,15,µg/m³
PM2.5,2024-06-29,20:00 - 21:00,14,µg/m³
PM2.5,2024-06-29,21:00 - 22:00,14,µg/m³
PM2.5,2024-06-29,22:00 - 23:00,17,µg/m³
PM2.5,2024-06-30,23:00 - 0:00,17,µg/m³
PM2.5,2024-06-30,0:00 - 1:00,6,µg/m³
PM2.5,2024-07-01,0:00 - 1:00,4,µg/m³
PM2.5,2024-07-01,1:00 - 2:00,4,µg/m³
PM2.5,2024-07-01,2:00 - 3:00,4,µg/m³
PM2.5,2024-07-01,3:00 - 4:00,4,µg/m³
PM2.5,2024-07-01,4:00 - 5:00,4,µg/m³
PM2.5,2024-07-01,5:00 - 6:00,4,µg/m³
PM2.5,2024-07-01,6:00 - 7:00,4,µg/m³
PM2.5,2024-07-01,7:00 - 8:00,4,µg/m³
PM2.5,2024-07-01,8:00 - 9:00,5,µg/m³
PM2.5,2024-07-01,9:00 - 10:00,5,µg/m³
PM2.5,2024-07-01,10:00 - 11:00,5,µg/m³
PM2.5,2024-07-01,11:00 - 12:00,5,µg/m³
PM2.5,2024-07-01,12:00 - 13:00,5,µg/m³
PM2.5,2024-07-01,13:00 - 14:00,5,µg/m³
PM2.5,2024-07-01,14:00 - 15:00,5,µg/m³
PM2.5,2024-07-01,15:00 - 16:00,5,µg/m³
PM2.5,2024-07-01,16:00 - 17:00,6,µg/m³
PM2.5,2024-07-01,17:00 - 18:00,6,µg/m³
PM2.5,2024-07-01,18:00 - 19:00,11,µg/m³
PM2.5,2024-07-01,19:00 - 20:00,11,µg/m³
PM2.5,2024-07-01,20:00 - 21:00,9,µg/m³
PM2.5,2024-07-01,21:00 - 22:00,9,µg/m³
PM2.5,2024-07-01,22:00 - 23:00,11,µg/m³
PM2.5,2024-07-02,23:00 - 0:00,11,µg/m³
PM2.5,2024-07-02,0:00 - 1:00,6,µg/m³
PM2.5,2024-07-03,0:00 - 1:00,8,µg/m³
PM2.5,2024-07-03,1:00 - 2:00,8,µg/m³
PM2.5,2024-07-03,2:00 - 3:00,8,µg/m³
PM2.5,2024-07-03,3:00 - 4:00,8,µg/m³
PM2.5,2024-07-03,4:00 - 5:00,8,µg/m³
PM2.5,2024-07-03,5:00 - 6:00,8,µg/m³
PM2.5,2024-07-03,6:00 - 7:00,8,µg/m³
PM2.5,2024-07-03,7:00 - 8:00,8,µg/m³
PM2.5,2024-07-03,8:00 - 9:00,9,µg/m³
PM2.5,2024-07-03,9:00 - 10:00,9,µg/m³
PM2.5,2024-07-03,10:00 - 11:00,16,µg/m³
PM2.5,2024-07-03,11:00 - 12:00,16,µg/m³
PM2.5,2024-07-03,12:00 - 13:00,16,µg/m³
PM2.5,2024-07-03,13:00 - 14:00,16,µg/m³
PM2.5,2024-07-03,14:00 - 15:00,19,µg/m³
PM2.5,2024-07-03,15:00 - 16:00,19,µg/m³
PM2.5,2024-07-03,16:00 - 17:00,27,µg/m³
PM2.5,2024-07-03,17:00 - 18:00,27,µg/m³
PM2.5,2024-07-03,18:00 - 19:00,23,µg/m³
PM2.5,2024-07-03,19:00 - 20:00,23,µg/m³
PM2.5,2024-07-03,20:00 - 21:00,20,µg/m³
PM2.5,2024-07-03,21:00 - 22:00,20,µg/m³
PM2.5,2024-07-03,22:00 - 23:00,11,µg/m³
PM2.5,2024-07-04,23:00 - 0:00,12,µg/m³
PM2.5,2024-07-04,0:00 - 1:00,14,µg/m³
PM2.5,2024-07-04,11:00 - 12:00,25,µg/m³
PM2.5,2024-07-04,12:00 - 13:00,26,µg/m³
PM2.5,2024-07-04,13:00 - 14:00,24,µg/m³
PM2.5,2024-07-04,14:00 - 15:00,24,µg/m³
PM2.5,2024-07-04,15:00 - 16:00,18,µg/m³
PM2.5,2024-07-04,16:00 - 17:00,14,µg/m³
PM2.5,2024-07-04,17:00 - 18:00,12,µg/m³
PM2.5,2024-07-04,18:00 - 19:00,10,µg/m³
PM2.5,2024-07-04,19:00 - 20:00,9,µg/m³
PM2.5,2024-07-04,20:00 - 21:00,9,µg/m³
PM2.5,2024-07-04,21:00 - 22:00,10,µg/m³
PM2.5,2024-07-04,22:00 - 23:00,12,µg/m³
PM2.5,2024-07-05,0:00 - 1:00,13,µg/m³
PM2.5,2024-07-05,1:00 - 2:00,15,µg/m³
PM2.5,2024-07-05,2:00 - 3:00,17,µg/m³
PM2.5,2024-07-05,3:00 - 4:00,20,µg/m³
PM2.5,2024-07-05,4:00 - 5:00,24,µg/m³
PM2.5,2024-07-05,5:00 - 6:00,24,µg/m³
PM2.5,2024-07-05,6:00 - 7:00,24,µg/m³
PM2.5,2024-07-05,7:00 - 8:00,25,µg/m³
PM2.5,2024-07-05,8:00 - 9:00,24,µg/m³
PM2.5,2024-07-05,9:00 - 10:00,24,µg/m³
PM2.5,2024-07-05,10:00 - 11:00,25,µg/m³
PM2.5,2024-07-05,11:00 - 12:00,26,µg/m³
PM2.5,2024-07-05,12:00 - 13:00,30,µg/m³
PM2.5,2024-07-05,13:00 - 14:00,29,µg/m³
PM2.5,2024-07-05,14:00 - 15:00,26,µg/m³
PM2.5,2024-07-05,15:00 - 16:00,31,µg/m³
PM2.5,2024-07-05,17:00 - 18:00,25,µg/m³
PM2.5,2024-07-05,18:00 - 19:00,23,µg/m³
PM2.5,2024-07-05,19:00 - 20:00,27,µg/m³
PM2.5,2024-07-05,20:00 - 21:00,24,µg/m³
PM2.5,2024-07-05,21:00 - 22:00,18,µg/m³
PM2.5,2024-07-05,22:00 - 23:00,17,µg/m³
PM2.5,2024-07-06,23:00 - 0:00,17,µg/m³
PM2.5,2024-07-06,0:00 - 1:00,16,µg/m³
PM2.5,2024-07-06,1:00 - 2:00,16,µg/m³
PM2.5,2024-07-06,2:00 - 3:00,17,µg/m³
PM2.5,2024-07-06,3:00 - 4:00,16,µg/m³
PM2.5,2024-07-06,4:00 - 5:00,16,µg/m³
PM2.5,2024-07-06,5:00 - 6:00,17,µg/m³
PM2.5,2024-07-06,6:00 - 7:00,19,µg/m³
PM2.5,2024-07-06,7:00 - 8:00,21,µg/m³
PM2.5,2024-07-06,8:00 - 9:00,22,µg/m³
PM2.5,2024-07-06,9:00 - 10:00,26,µg/m³
PM2.5,2024-07-08,15:00 - 16:00,13,µg/m³
PM2.5,2024-07-08,16:00 - 17:00,12,µg/m³
PM2.5,2024-07-08,17:00 - 18:00,10,µg/m³
PM2.5,2024-07-08,18:00 - 19:00,9,µg/m³
PM2.5,2024-07-08,19:00 - 20:00,10,µg/m³
PM2.5,2024-07-08,20:00 - 21:00,11,µg/m³
PM2.5,2024-07-08,21:00 - 22:00,11,µg/m³
PM2.5,2024-07-08,22:00 - 23:00,9,µg/m³
PM2.5,2024-07-09,0:00 - 1:00,10,µg/m³
PM2.5,2024-07-09,1:00 - 2:00,10,µg/m³
PM2.5,2024-07-09,2:00 - 3:00,10,µg/m³
PM2.5,2024-07-09,3:00 - 4:00,11,µg/m³
PM2.5,2024-07-09,4:00 - 5:00,11,µg/m³
PM2.5,2024-07-09,5:00 - 6:00,11,µg/m³
PM2.5,2024-07-09,6:00 - 7:00,12,µg/m³
PM2.5,2024-07-09,7:00 - 8:00,12,µg/m³
PM2.5,2024-07-09,8:00 - 9:00,12,µg/m³
PM2.5,2024-07-09,9:00 - 10:00,15,µg/m³
PM2.5,2024-07-09,10:00 - 11:00,16,µg/m³
PM2.5,2024-07-09,11:00 - 12:00,16,µg/m³
PM2.5,2024-07-09,12:00 - 13:00,14,µg/m³
PM2.5,2024-07-09,13:00 - 14:00,13,µg/m³
PM2.5,2024-07-09,14:00 - 15:00,17,µg/m³
PM2.5,2024-07-09,15:00 - 16:00,14,µg/m³
PM2.5,2024-07-09,16:00 - 17:00,11,µg/m³
PM2.5,2024-07-09,17:00 - 18:00,8,µg/m³
PM2.5,2024-07-09,18:00 - 19:00,8,µg/m³
PM2.5,2024-07-09,19:00 - 20:00,9,µg/m³
PM2.5,2024-07-09,20:00 - 21:00,9,µg/m³
PM2.5,2024-07-09,21:00 - 22:00,8,µg/m³
PM2.5,2024-07-09,22:00 - 23:00,10,µg/m³
PM2.5,2024-07-10,23:00 - 0:00,11,µg/m³
PM2.5,2024-07-10,0:00 - 1:00,10,µg/m³
PM2.5,2024-07-10,1:00 - 2:00,9,µg/m³
PM2.5,2024-07-10,2:00 - 3:00,9,µg/m³
PM2.5,2024-07-10,3:00 - 4:00,9,µg/m³
PM2.5,2024-07-10,4:00 - 5:00,9,µg/m³
PM2.5,2024-07-10,5:00 - 6:00,9,µg/m³
PM2.5,2024-07-10,7:00 - 8:00,11,µg/m³
PM2.5,2024-07-10,8:00 - 9:00,11,µg/m³
PM2.5,2024-07-10,9:00 - 10:00,11,µg/m³
PM2.5,2024-07-10,10:00 - 11:00,12,µg/m³
PM2.5,2024-07-10,11:00 - 12:00,18,µg/m³
PM2.5,2024-07-10,12:00 - 13:00,14,µg/m³
PM2.5,2024-07-10,13:00 - 14:00,14,µg/m³
PM2.5,2024-07-10,14:00 - 15:00,11,µg/m³
PM2.5,2024-07-10,15:00 - 16:00,11,µg/m³
PM2.5,2024-07-10,16:00 - 17:00,9,µg/m³
PM2.5,2024-07-10,17:00 - 18:00,6,µg/m³
PM2.5,2024-07-10,18:00 - 19:00,7,µg/m³
PM2.5,2024-07-10,19:00 - 20:00,8,µg/m³
PM2.5,2024-07-10,20:00 - 21:00,8,µg/m³
PM2.5,2024-07-10,21:00 - 22:00,10,µg/m³
PM2.5,2024-07-10,22:00 - 23:00,9,µg/m³
PM2.5,2024-07-11,23:00 - 0:00,8,µg/m³
PM2.5,2024-07-11,0:00 - 1:00,8,µg/m³
PM2.5,2024-07-11,1:00 - 2:00,7,µg/m³
PM2.5,2024-07-11,2:00 - 3:00,5,µg/m³
PM2.5,2024-07-11,3:00 - 4:00,5,µg/m³
PM2.5,2024-07-11,4:00 - 5:00,7,µg/m³
PM2.5,2024-07-15,13:00 - 14:00,26,µg/m³
PM2.5,2024-07-17,15:00 - 16:00,27,µg/m³
PM2.5,2024-07-17,16:00 - 17:00,25,µg/m³
PM2.5,2024-07-17,21:00 - 22:00,20,µg/m³
PM2.5,2024-07-17,22:00 - 23:00,23,µg/m³
PM2.5,2024-07-18,23:00 - 0:00,21,µg/m³
